language	done	key_droid	key_apple	base_value	lang_value	base_note	lang_note
Bulgarian_bg	no	food_info_serving_sizes_beans_imperial.2	dozeBeans.Serving.imperial.2	⅓ cup tofu or tempeh	½ чаша тофу или темпе		
Bulgarian_bg	no	food_info_serving_sizes_beans_imperial.3	dozeBeans.Serving.imperial.3	1 cup fresh peas or sprouted lentils	1 чаша пресен грах или снежен грах		
Bulgarian_bg	no	food_info_serving_sizes_beans_metric.0	dozeBeans.Serving.metric.0	70 g hummus or bean dip	60 г хумус или дип от боб		
Bulgarian_bg	no	food_info_serving_sizes_beans_metric.1	dozeBeans.Serving.metric.1	100 g cooked beans, split peas, or lentils	90 г варен боб, грах или леща		
Bulgarian_bg	no	food_info_serving_sizes_beans_metric.2	dozeBeans.Serving.metric.2	80 g tofu or tempeh	100 г тофу или темпе		
Bulgarian_bg	no	food_info_serving_sizes_beans_metric.3	dozeBeans.Serving.metric.3	100 g fresh peas or sprouted lentils	130 г пресен грах или снежен грах		
Bulgarian_bg	no	food_info_serving_sizes_berries_metric.0	dozeBerries.Serving.metric.0	70 g fresh or frozen	60 грам пресни или замразени боровинки		
Bulgarian_bg	no	food_info_serving_sizes_other_fruits_metric.1	dozeFruitsOther.Serving.metric.1	150 g cut-up fruit	120 грам нарязани плодове		
Bulgarian_bg	no	food_info_serving_sizes_cruciferous_vegetables_imperial.0	dozeVegetablesCruciferous.Serving.imperial.0	½ cup cooked leafy vegetables	½ чаша нарязани цветнолистни		
Bulgarian_bg	no	food_info_serving_sizes_cruciferous_vegetables_imperial.1	dozeVegetablesCruciferous.Serving.imperial.1	½ cup raw or cooked non-leafy vegetables	½ чаша брюкселско зеле		
Bulgarian_bg	no	food_info_serving_sizes_cruciferous_vegetables_imperial.2	dozeVegetablesCruciferous.Serving.imperial.2	1 cup raw leafy vegetables	1 cup raw leafy vegetables		
Bulgarian_bg	no	food_info_serving_sizes_cruciferous_vegetables_imperial.3	dozeVegetablesCruciferous.Serving.imperial.3	¼ cup broccoli sprouts	¼ чаша кълнове от броколи		
Bulgarian_bg	no	food_info_serving_sizes_cruciferous_vegetables_metric.0	dozeVegetablesCruciferous.Serving.metric.0	90 g cooked leafy vegetables	30–80 грам нарязани цветнолистни		
Bulgarian_bg	no	food_info_serving_sizes_cruciferous_vegetables_metric.1	dozeVegetablesCruciferous.Serving.metric.1	60 g raw or cooked non-leafy vegetables	80 грам брюкселско зеле		
Bulgarian_bg	no	food_info_serving_sizes_cruciferous_vegetables_metric.2	dozeVegetablesCruciferous.Serving.metric.2	90 g raw leafy vegetables	90 g raw leafy vegetables		
Bulgarian_bg	no	food_info_serving_sizes_cruciferous_vegetables_metric.3	dozeVegetablesCruciferous.Serving.metric.3	20 g broccoli sprouts	15 грам кълнове от броколи		
Bulgarian_bg	no	food_info_serving_sizes_other_vegetables_metric.1	dozeVegetablesOther.Serving.metric.1	90 g raw or cooked nonleafy vegetables	50 грам сурови или варени зеленчуци		
Bulgarian_bg	no	food_info_serving_sizes_other_vegetables_metric.2	dozeVegetablesOther.Serving.metric.2	120 ml vegetable juice	125 мл. зеленчуков сок		
Bulgarian_bg	no	food_info_serving_sizes_other_vegetables_metric.3	dozeVegetablesOther.Serving.metric.3	10 g dried mushrooms	7 грам сушени гъби		
Bulgarian_bg	no	food_info_types_other_vegetables.7	dozeVegetablesOther.Variety.Text.7	Mushrooms (button, oyster, porcini, portobello, and shiitake)	Гъби (печурки, кладница и шийтаке)		
Bulgarian_bg	no	food_info_serving_sizes_whole_grains_imperial.0	dozeWholeGrains.Serving.imperial.0	½ cup cooked whole grains, whole-wheat pasta, or corn kernels	½ чаша топла зърнена закуска или сварени зърна, паста или царевица		
Bulgarian_bg	no	food_info_serving_sizes_whole_grains_imperial.1	dozeWholeGrains.Serving.imperial.1	1 cup 100% whole grain cold cereal	1 чаша студена зърнена закуска		
Bulgarian_bg	no	food_info_serving_sizes_whole_grains_imperial.2	dozeWholeGrains.Serving.imperial.2	1 100% whole grain tortilla (or 2 smaller corn tortillas)	1 100% whole grain tortilla (or 2 smaller corn tortillas)		
Bulgarian_bg	no	food_info_serving_sizes_whole_grains_imperial.3	dozeWholeGrains.Serving.imperial.3	1 slice of 100% whole grain bread	1 тортила или филия хляб		
Bulgarian_bg	no	food_info_serving_sizes_whole_grains_metric.0	dozeWholeGrains.Serving.metric.0	100 g cooked whole grains, whole-wheat pasta, or corn kernels	100 грам топла зърнена закуска или сварени зърна, паста или царевица		
Bulgarian_bg	no	food_info_serving_sizes_whole_grains_metric.1	dozeWholeGrains.Serving.metric.1	50 g 100% whole grain cold cereal	50 грам студена зърнена закуска		
Bulgarian_bg	no	food_info_serving_sizes_whole_grains_metric.2	dozeWholeGrains.Serving.metric.2	1 100% whole grain tortilla (or 2 smaller corn tortillas)	1 100% whole grain tortilla (or 2 smaller corn tortillas)		
Bulgarian_bg	no	food_info_serving_sizes_whole_grains_metric.3	dozeWholeGrains.Serving.metric.3	1 slice of 100% whole grain bread	1 тортила или филия хляб		
Catalan_ca	yes	food_info_serving_sizes_beans_imperial.2	dozeBeans.Serving.imperial.2	⅓ cup tofu or tempeh	⅓ tassa de tofu o tempeh		
Catalan_ca	yes	food_info_serving_sizes_beans_imperial.3	dozeBeans.Serving.imperial.3	1 cup fresh peas or sprouted lentils	1 tassa de pèsols frescos o brots de llegums germinats		1 cup fresh peas or snow peas
Catalan_ca	yes	food_info_serving_sizes_beans_metric.0	dozeBeans.Serving.metric.0	70 g hummus or bean dip	70 g d'hummus o salsa de mongetes		60 g hummus or bean dip
Catalan_ca	yes	food_info_serving_sizes_beans_metric.1	dozeBeans.Serving.metric.1	100 g cooked beans, split peas, or lentils	100 g de mongetes cuites, pèsols o llenties		90 g of cooked beans, peas or lentils
Catalan_ca	yes	food_info_serving_sizes_beans_metric.2	dozeBeans.Serving.metric.2	80 g tofu or tempeh	80 g de tofu o tempeh		
Catalan_ca	yes	food_info_serving_sizes_beans_metric.3	dozeBeans.Serving.metric.3	100 g fresh peas or sprouted lentils	100 g de pèsols frescos o llegums germinats		130 g of fresh peas or snow peas
Catalan_ca	yes	food_info_serving_sizes_berries_metric.0	dozeBerries.Serving.metric.0	70 g fresh or frozen	70 g frescos o congelats		
Catalan_ca	yes	food_info_serving_sizes_other_fruits_metric.1	dozeFruitsOther.Serving.metric.1	150 g cut-up fruit	150 g de fruita tallada		
Catalan_ca	yes	food_info_serving_sizes_cruciferous_vegetables_imperial.0	dozeVegetablesCruciferous.Serving.imperial.0	½ cup cooked leafy vegetables	½ tassa de verdures de fulla cuites		
Catalan_ca	yes	food_info_serving_sizes_cruciferous_vegetables_imperial.1	dozeVegetablesCruciferous.Serving.imperial.1	½ cup raw or cooked non-leafy vegetables	½ tassa de verdures sense fulla cuites o crues		
Catalan_ca	yes	food_info_serving_sizes_cruciferous_vegetables_imperial.2	dozeVegetablesCruciferous.Serving.imperial.2	1 cup raw leafy vegetables	1 tassa de verdures de fulla crues		
Catalan_ca	yes	food_info_serving_sizes_cruciferous_vegetables_imperial.3	dozeVegetablesCruciferous.Serving.imperial.3	¼ cup broccoli sprouts	¼ tassa de brots germinats de bròquil		
Catalan_ca	yes	food_info_serving_sizes_cruciferous_vegetables_metric.0	dozeVegetablesCruciferous.Serving.metric.0	90 g cooked leafy vegetables	90 g de verdures de fulla cuites		
Catalan_ca	yes	food_info_serving_sizes_cruciferous_vegetables_metric.1	dozeVegetablesCruciferous.Serving.metric.1	60 g raw or cooked non-leafy vegetables	60 g de verdures sense fulla cuites o crues		
Catalan_ca	yes	food_info_serving_sizes_cruciferous_vegetables_metric.2	dozeVegetablesCruciferous.Serving.metric.2	90 g raw leafy vegetables	90 g de verdures de fulla crues		
Catalan_ca	yes	food_info_serving_sizes_cruciferous_vegetables_metric.3	dozeVegetablesCruciferous.Serving.metric.3	20 g broccoli sprouts	20 g de brots germinats de bròquil		
Catalan_ca	yes	food_info_serving_sizes_other_vegetables_metric.1	dozeVegetablesOther.Serving.metric.1	90 g raw or cooked nonleafy vegetables	90 g de verdures sense fulla cuites o crues 		
Catalan_ca	yes	food_info_serving_sizes_other_vegetables_metric.2	dozeVegetablesOther.Serving.metric.2	120 ml vegetable juice	120 ml de suc de verdures		
Catalan_ca	yes	food_info_serving_sizes_other_vegetables_metric.3	dozeVegetablesOther.Serving.metric.3	10 g dried mushrooms	10 g de bolets dessecats		
Catalan_ca	yes	food_info_types_other_vegetables.7	dozeVegetablesOther.Variety.Text.7	Mushrooms (button, oyster, porcini, portobello, and shiitake)	Bolets (xampinyons, gírgoles, portobello i xiitake)		
Catalan_ca	yes	food_info_serving_sizes_whole_grains_imperial.0	dozeWholeGrains.Serving.imperial.0	½ cup cooked whole grains, whole-wheat pasta, or corn kernels	½ tassa de cereals integrals, pasta integral o grans de blat cuits		
Catalan_ca	yes	food_info_serving_sizes_whole_grains_imperial.1	dozeWholeGrains.Serving.imperial.1	1 cup 100% whole grain cold cereal	1 tassa de cereals 100% integrals freds		
Catalan_ca	yes	food_info_serving_sizes_whole_grains_imperial.2	dozeWholeGrains.Serving.imperial.2	1 100% whole grain tortilla (or 2 smaller corn tortillas)	1 tortilla 100% integral (o 2 tortilles més petites de blat de moro)		
Catalan_ca	yes	food_info_serving_sizes_whole_grains_imperial.3	dozeWholeGrains.Serving.imperial.3	1 slice of 100% whole grain bread	1 tortilla o llesca de pa 100% integral		
Catalan_ca	yes	food_info_serving_sizes_whole_grains_metric.0	dozeWholeGrains.Serving.metric.0	100 g cooked whole grains, whole-wheat pasta, or corn kernels	100 g de cereals integrals, pasta integral o grans de blat cuits		
Catalan_ca	yes	food_info_serving_sizes_whole_grains_metric.1	dozeWholeGrains.Serving.metric.1	50 g 100% whole grain cold cereal	50 g de cereals 100% integrals freds		
Catalan_ca	yes	food_info_serving_sizes_whole_grains_metric.2	dozeWholeGrains.Serving.metric.2	1 100% whole grain tortilla (or 2 smaller corn tortillas)	1 tortilla 100% integral (o 2 tortilles més petites de blat de moro)		
Catalan_ca	yes	food_info_serving_sizes_whole_grains_metric.3	dozeWholeGrains.Serving.metric.3	1 slice of 100% whole grain bread	1 tortilla o llesca de pa 100% integral		
Chinese_Simplified_zh-Hans	yes	food_info_serving_sizes_beans_imperial.2	dozeBeans.Serving.imperial.2	⅓ cup tofu or tempeh	⅓杯豆腐或天贝		½ cup tofu or tempeh
Chinese_Simplified_zh-Hans	yes	food_info_serving_sizes_beans_imperial.3	dozeBeans.Serving.imperial.3	1 cup fresh peas or sprouted lentils	1杯新鲜豌豆或萌芽扁豆		1 cup fresh peas or snow peas
Chinese_Simplified_zh-Hans	yes	food_info_serving_sizes_beans_metric.0	dozeBeans.Serving.metric.0	70 g hummus or bean dip	70克鹰嘴豆或其他豆泥		60 g hummus
Chinese_Simplified_zh-Hans	yes	food_info_serving_sizes_beans_metric.1	dozeBeans.Serving.metric.1	100 g cooked beans, split peas, or lentils	100克煮熟的豆子、去皮豌豆或扁豆		90g cooked beans, peas or lentils
Chinese_Simplified_zh-Hans	yes	food_info_serving_sizes_beans_metric.2	dozeBeans.Serving.metric.2	80 g tofu or tempeh	80克豆腐或天贝		100 g tofu or tempeh
Chinese_Simplified_zh-Hans	yes	food_info_serving_sizes_beans_metric.3	dozeBeans.Serving.metric.3	100 g fresh peas or sprouted lentils	100克新鲜豌豆或萌芽扁豆		130 g fresh peas or snow peas
Chinese_Simplified_zh-Hans	yes	food_info_serving_sizes_berries_metric.0	dozeBerries.Serving.metric.0	70 g fresh or frozen	70克新鲜或冷冻		
Chinese_Simplified_zh-Hans	yes	food_info_serving_sizes_other_fruits_metric.1	dozeFruitsOther.Serving.metric.1	150 g cut-up fruit	150克水果丁		
Chinese_Simplified_zh-Hans	yes	food_info_serving_sizes_cruciferous_vegetables_imperial.0	dozeVegetablesCruciferous.Serving.imperial.0	½ cup cooked leafy vegetables	½杯熟绿叶菜		
Chinese_Simplified_zh-Hans	yes	food_info_serving_sizes_cruciferous_vegetables_imperial.1	dozeVegetablesCruciferous.Serving.imperial.1	½ cup raw or cooked non-leafy vegetables	½杯生或熟非绿叶菜		
Chinese_Simplified_zh-Hans	yes	food_info_serving_sizes_cruciferous_vegetables_imperial.2	dozeVegetablesCruciferous.Serving.imperial.2	1 cup raw leafy vegetables	1杯生绿叶菜		
Chinese_Simplified_zh-Hans	yes	food_info_serving_sizes_cruciferous_vegetables_imperial.3	dozeVegetablesCruciferous.Serving.imperial.3	¼ cup broccoli sprouts	¼杯西蓝花苗		
Chinese_Simplified_zh-Hans	yes	food_info_serving_sizes_cruciferous_vegetables_metric.0	dozeVegetablesCruciferous.Serving.metric.0	90 g cooked leafy vegetables	90克熟绿叶菜		
Chinese_Simplified_zh-Hans	yes	food_info_serving_sizes_cruciferous_vegetables_metric.1	dozeVegetablesCruciferous.Serving.metric.1	60 g raw or cooked non-leafy vegetables	60克生或熟非绿叶菜		
Chinese_Simplified_zh-Hans	yes	food_info_serving_sizes_cruciferous_vegetables_metric.2	dozeVegetablesCruciferous.Serving.metric.2	90 g raw leafy vegetables	90克生绿叶菜		
Chinese_Simplified_zh-Hans	yes	food_info_serving_sizes_cruciferous_vegetables_metric.3	dozeVegetablesCruciferous.Serving.metric.3	20 g broccoli sprouts	20克西蓝花苗		
Chinese_Simplified_zh-Hans	yes	food_info_serving_sizes_other_vegetables_metric.1	dozeVegetablesOther.Serving.metric.1	90 g raw or cooked nonleafy vegetables	90克生或熟非绿叶菜		
Chinese_Simplified_zh-Hans	yes	food_info_serving_sizes_other_vegetables_metric.2	dozeVegetablesOther.Serving.metric.2	120 ml vegetable juice	120毫升蔬菜汁		
Chinese_Simplified_zh-Hans	yes	food_info_serving_sizes_other_vegetables_metric.3	dozeVegetablesOther.Serving.metric.3	10 g dried mushrooms	10克干菇类		
Chinese_Simplified_zh-Hans	yes	food_info_types_other_vegetables.7	dozeVegetablesOther.Variety.Text.7	Mushrooms (button, oyster, porcini, portobello, and shiitake)	菇类（洋菇、平菇、牛肝菌菇、波特菇与香菇）		
Chinese_Simplified_zh-Hans	yes	food_info_serving_sizes_whole_grains_imperial.0	dozeWholeGrains.Serving.imperial.0	½ cup cooked whole grains, whole-wheat pasta, or corn kernels	½杯熟全谷物、全麦意大利面或玉米粒		
Chinese_Simplified_zh-Hans	yes	food_info_serving_sizes_whole_grains_imperial.1	dozeWholeGrains.Serving.imperial.1	1 cup 100% whole grain cold cereal	1杯100%冷全谷物麦片		
Chinese_Simplified_zh-Hans	yes	food_info_serving_sizes_whole_grains_imperial.2	dozeWholeGrains.Serving.imperial.2	1 100% whole grain tortilla (or 2 smaller corn tortillas)	1块100%全谷物墨西哥饼（或2块小玉米饼）		
Chinese_Simplified_zh-Hans	yes	food_info_serving_sizes_whole_grains_imperial.3	dozeWholeGrains.Serving.imperial.3	1 slice of 100% whole grain bread	1片100%全谷物面包		
Chinese_Simplified_zh-Hans	yes	food_info_serving_sizes_whole_grains_metric.0	dozeWholeGrains.Serving.metric.0	100 g cooked whole grains, whole-wheat pasta, or corn kernels	100克熟全谷物、全麦意大利面或玉米粒		
Chinese_Simplified_zh-Hans	yes	food_info_serving_sizes_whole_grains_metric.1	dozeWholeGrains.Serving.metric.1	50 g 100% whole grain cold cereal	50克100%冷全谷物麦片		
Chinese_Simplified_zh-Hans	yes	food_info_serving_sizes_whole_grains_metric.2	dozeWholeGrains.Serving.metric.2	1 100% whole grain tortilla (or 2 smaller corn tortillas)	1块100%全谷物墨西哥饼（或2块小玉米饼）		
Chinese_Simplified_zh-Hans	yes	food_info_serving_sizes_whole_grains_metric.3	dozeWholeGrains.Serving.metric.3	1 slice of 100% whole grain bread	1片100%全谷物面包		
Chinese_Traditional_zh-Hant	yes	food_info_serving_sizes_beans_imperial.2	dozeBeans.Serving.imperial.2	⅓ cup tofu or tempeh	1/3杯豆腐或天貝		½ cup tofu or tempeh
Chinese_Traditional_zh-Hant	yes	food_info_serving_sizes_beans_imperial.3	dozeBeans.Serving.imperial.3	1 cup fresh peas or sprouted lentils	1杯新鮮豌豆或萌芽扁豆		1 cup fresh peas or snow peas
Chinese_Traditional_zh-Hant	yes	food_info_serving_sizes_beans_metric.0	dozeBeans.Serving.metric.0	70 g hummus or bean dip	70克鷹嘴豆或其他豆泥		60 g hummus
Chinese_Traditional_zh-Hant	yes	food_info_serving_sizes_beans_metric.1	dozeBeans.Serving.metric.1	100 g cooked beans, split peas, or lentils	100克煮熟的豆子、去皮豌豆或扁豆		90g cooked beans, peas or lentils
Chinese_Traditional_zh-Hant	yes	food_info_serving_sizes_beans_metric.2	dozeBeans.Serving.metric.2	80 g tofu or tempeh	80克豆腐或天貝		100 g tofu or tempeh
Chinese_Traditional_zh-Hant	yes	food_info_serving_sizes_beans_metric.3	dozeBeans.Serving.metric.3	100 g fresh peas or sprouted lentils	100克新鮮豌豆或萌芽扁豆		130 g fresh peas or snow peas
Chinese_Traditional_zh-Hant	yes	food_info_serving_sizes_berries_metric.0	dozeBerries.Serving.metric.0	70 g fresh or frozen	70克新鮮或冷凍		
Chinese_Traditional_zh-Hant	yes	food_info_serving_sizes_other_fruits_metric.1	dozeFruitsOther.Serving.metric.1	150 g cut-up fruit	150克水果丁		
Chinese_Traditional_zh-Hant	yes	food_info_serving_sizes_cruciferous_vegetables_imperial.0	dozeVegetablesCruciferous.Serving.imperial.0	½ cup cooked leafy vegetables	½杯熟綠葉菜		
Chinese_Traditional_zh-Hant	yes	food_info_serving_sizes_cruciferous_vegetables_imperial.1	dozeVegetablesCruciferous.Serving.imperial.1	½ cup raw or cooked non-leafy vegetables	½杯生或熟非綠葉菜		
Chinese_Traditional_zh-Hant	yes	food_info_serving_sizes_cruciferous_vegetables_imperial.2	dozeVegetablesCruciferous.Serving.imperial.2	1 cup raw leafy vegetables	1杯生綠葉菜		
Chinese_Traditional_zh-Hant	yes	food_info_serving_sizes_cruciferous_vegetables_imperial.3	dozeVegetablesCruciferous.Serving.imperial.3	¼ cup broccoli sprouts	¼杯花椰菜苗		
Chinese_Traditional_zh-Hant	yes	food_info_serving_sizes_cruciferous_vegetables_metric.0	dozeVegetablesCruciferous.Serving.metric.0	90 g cooked leafy vegetables	90克熟綠葉菜		
Chinese_Traditional_zh-Hant	yes	food_info_serving_sizes_cruciferous_vegetables_metric.1	dozeVegetablesCruciferous.Serving.metric.1	60 g raw or cooked non-leafy vegetables	60克生或熟非綠葉菜		
Chinese_Traditional_zh-Hant	yes	food_info_serving_sizes_cruciferous_vegetables_metric.2	dozeVegetablesCruciferous.Serving.metric.2	90 g raw leafy vegetables	90克生綠葉菜		
Chinese_Traditional_zh-Hant	yes	food_info_serving_sizes_cruciferous_vegetables_metric.3	dozeVegetablesCruciferous.Serving.metric.3	20 g broccoli sprouts	20克花椰菜苗		
Chinese_Traditional_zh-Hant	yes	food_info_serving_sizes_other_vegetables_metric.1	dozeVegetablesOther.Serving.metric.1	90 g raw or cooked nonleafy vegetables	90克生或熟非綠葉菜		
Chinese_Traditional_zh-Hant	yes	food_info_serving_sizes_other_vegetables_metric.2	dozeVegetablesOther.Serving.metric.2	120 ml vegetable juice	120毫升蔬菜汁		
Chinese_Traditional_zh-Hant	yes	food_info_serving_sizes_other_vegetables_metric.3	dozeVegetablesOther.Serving.metric.3	10 g dried mushrooms	10克乾菇類		
Chinese_Traditional_zh-Hant	yes	food_info_types_other_vegetables.7	dozeVegetablesOther.Variety.Text.7	Mushrooms (button, oyster, porcini, portobello, and shiitake)	菇類（洋菇、秀珍菇、牛肝菌菇、波特菇與香菇）		
Chinese_Traditional_zh-Hant	yes	food_info_serving_sizes_whole_grains_imperial.0	dozeWholeGrains.Serving.imperial.0	½ cup cooked whole grains, whole-wheat pasta, or corn kernels	½杯熟全穀物、全麥義大利麵或玉米粒		
Chinese_Traditional_zh-Hant	yes	food_info_serving_sizes_whole_grains_imperial.1	dozeWholeGrains.Serving.imperial.1	1 cup 100% whole grain cold cereal	1杯100%冷全穀物麥片		
Chinese_Traditional_zh-Hant	yes	food_info_serving_sizes_whole_grains_imperial.2	dozeWholeGrains.Serving.imperial.2	1 100% whole grain tortilla (or 2 smaller corn tortillas)	1塊100%全穀物墨西哥餅（或2塊小玉米餅）		
Chinese_Traditional_zh-Hant	yes	food_info_serving_sizes_whole_grains_imperial.3	dozeWholeGrains.Serving.imperial.3	1 slice of 100% whole grain bread	1片100%全穀物麵包		
Chinese_Traditional_zh-Hant	yes	food_info_serving_sizes_whole_grains_metric.0	dozeWholeGrains.Serving.metric.0	100 g cooked whole grains, whole-wheat pasta, or corn kernels	100克熟全穀物、全麥義大利麵或玉米粒		
Chinese_Traditional_zh-Hant	yes	food_info_serving_sizes_whole_grains_metric.1	dozeWholeGrains.Serving.metric.1	50 g 100% whole grain cold cereal	50克100%冷全穀物麥片		
Chinese_Traditional_zh-Hant	yes	food_info_serving_sizes_whole_grains_metric.2	dozeWholeGrains.Serving.metric.2	1 100% whole grain tortilla (or 2 smaller corn tortillas)	1塊100%全穀物墨西哥餅（或2塊小玉米餅）		
Chinese_Traditional_zh-Hant	yes	food_info_serving_sizes_whole_grains_metric.3	dozeWholeGrains.Serving.metric.3	1 slice of 100% whole grain bread	1片100%全穀物麵包		
Czech_cs	yes	food_info_serving_sizes_beans_imperial.2	dozeBeans.Serving.imperial.2	⅓ cup tofu or tempeh	⅓ šálku tofu nebo tempehu		
Czech_cs	yes	food_info_serving_sizes_beans_imperial.3	dozeBeans.Serving.imperial.3	1 cup fresh peas or sprouted lentils	1 šálek čerstvého hrášku nebo naklíčené čočky		
Czech_cs	yes	food_info_serving_sizes_beans_metric.0	dozeBeans.Serving.metric.0	70 g hummus or bean dip	70 g hummusu nebo fazolového dipu		
Czech_cs	yes	food_info_serving_sizes_beans_metric.1	dozeBeans.Serving.metric.1	100 g cooked beans, split peas, or lentils	100 g vařených fazolí, hrachu nebo čočky		
Czech_cs	yes	food_info_serving_sizes_beans_metric.2	dozeBeans.Serving.metric.2	80 g tofu or tempeh	80 g tofu nebo tempehu		
Czech_cs	yes	food_info_serving_sizes_beans_metric.3	dozeBeans.Serving.metric.3	100 g fresh peas or sprouted lentils	100 g čerstvého hrášku nebo naklíčené čočky		
Czech_cs	yes	food_info_serving_sizes_berries_metric.0	dozeBerries.Serving.metric.0	70 g fresh or frozen	70 g čerstvé nebo mražené		
Czech_cs	yes	food_info_serving_sizes_other_fruits_metric.1	dozeFruitsOther.Serving.metric.1	150 g cut-up fruit	150 g nakrájeného ovoce		
Czech_cs	yes	food_info_serving_sizes_cruciferous_vegetables_imperial.0	dozeVegetablesCruciferous.Serving.imperial.0	½ cup cooked leafy vegetables	½ šálku vařené listové zeleniny		
Czech_cs	yes	food_info_serving_sizes_cruciferous_vegetables_imperial.1	dozeVegetablesCruciferous.Serving.imperial.1	½ cup raw or cooked non-leafy vegetables	½ šálku syrové nebo vařené nelistové zeleniny		
Czech_cs	yes	food_info_serving_sizes_cruciferous_vegetables_imperial.2	dozeVegetablesCruciferous.Serving.imperial.2	1 cup raw leafy vegetables	1 šálek syrové listové zeleniny		
Czech_cs	yes	food_info_serving_sizes_cruciferous_vegetables_imperial.3	dozeVegetablesCruciferous.Serving.imperial.3	¼ cup broccoli sprouts	¼ šálku brokolicových klíčků		
Czech_cs	yes	food_info_serving_sizes_cruciferous_vegetables_metric.0	dozeVegetablesCruciferous.Serving.metric.0	90 g cooked leafy vegetables	90 g vařené listové zeleniny		
Czech_cs	yes	food_info_serving_sizes_cruciferous_vegetables_metric.1	dozeVegetablesCruciferous.Serving.metric.1	60 g raw or cooked non-leafy vegetables	60 g syrové nebo vařené nelistové zeleniny		
Czech_cs	yes	food_info_serving_sizes_cruciferous_vegetables_metric.2	dozeVegetablesCruciferous.Serving.metric.2	90 g raw leafy vegetables	90 g syrové listové zeleniny		
Czech_cs	yes	food_info_serving_sizes_cruciferous_vegetables_metric.3	dozeVegetablesCruciferous.Serving.metric.3	20 g broccoli sprouts	20 g brokolicových klíčků		
Czech_cs	yes	food_info_serving_sizes_other_vegetables_metric.1	dozeVegetablesOther.Serving.metric.1	90 g raw or cooked nonleafy vegetables	90 g syrové nebo vařené nelistové zeleniny		
Czech_cs	yes	food_info_serving_sizes_other_vegetables_metric.2	dozeVegetablesOther.Serving.metric.2	120 ml vegetable juice	120 ml zeleninové šťávy		
Czech_cs	yes	food_info_serving_sizes_other_vegetables_metric.3	dozeVegetablesOther.Serving.metric.3	10 g dried mushrooms	10 g sušených hub		
Czech_cs	yes	food_info_types_other_vegetables.7	dozeVegetablesOther.Variety.Text.7	Mushrooms (button, oyster, porcini, portobello, and shiitake)	Houby (pečárka - bílá, hnědá, hlíva ústřičná a shiitake)		
Czech_cs	yes	food_info_serving_sizes_whole_grains_imperial.0	dozeWholeGrains.Serving.imperial.0	½ cup cooked whole grains, whole-wheat pasta, or corn kernels	½ šálku vařených obilných zrn, celozrnných pšeničných těstovin nebo kukuřice		
Czech_cs	yes	food_info_serving_sizes_whole_grains_imperial.1	dozeWholeGrains.Serving.imperial.1	1 cup 100% whole grain cold cereal	1 šálek 100% celozrnných snídaňových cereálií		
Czech_cs	yes	food_info_serving_sizes_whole_grains_imperial.2	dozeWholeGrains.Serving.imperial.2	1 100% whole grain tortilla (or 2 smaller corn tortillas)	1 100% celozrnná tortilla (nebo 2 menší kukuřičné tortilly)		
Czech_cs	yes	food_info_serving_sizes_whole_grains_imperial.3	dozeWholeGrains.Serving.imperial.3	1 slice of 100% whole grain bread	1 krajíc 100% celozrnného chleba		
Czech_cs	yes	food_info_serving_sizes_whole_grains_metric.0	dozeWholeGrains.Serving.metric.0	100 g cooked whole grains, whole-wheat pasta, or corn kernels	100 g vařených obilných zrn, celozrnných pšeničných těstovin nebo kukuřice		
Czech_cs	yes	food_info_serving_sizes_whole_grains_metric.1	dozeWholeGrains.Serving.metric.1	50 g 100% whole grain cold cereal	50 g 100% celozrnných snídaňových cereálií		
Czech_cs	yes	food_info_serving_sizes_whole_grains_metric.2	dozeWholeGrains.Serving.metric.2	1 100% whole grain tortilla (or 2 smaller corn tortillas)	1 100% celozrnná tortilla (nebo 2 menší kukuřičné tortilly)		
Czech_cs	yes	food_info_serving_sizes_whole_grains_metric.3	dozeWholeGrains.Serving.metric.3	1 slice of 100% whole grain bread	1 krajíc 100% celozrnného chleba		
French_fr	yes	food_info_serving_sizes_beans_imperial.2	dozeBeans.Serving.imperial.2	⅓ cup tofu or tempeh	⅓ tasse de tofu ou tempeh		
French_fr	yes	food_info_serving_sizes_beans_imperial.3	dozeBeans.Serving.imperial.3	1 cup fresh peas or sprouted lentils	1 tasse de petits pois ou lentilles germées		
French_fr	yes	food_info_serving_sizes_beans_metric.0	dozeBeans.Serving.metric.0	70 g hummus or bean dip	70 g de houmous ou autre crème de haricots		
French_fr	yes	food_info_serving_sizes_beans_metric.1	dozeBeans.Serving.metric.1	100 g cooked beans, split peas, or lentils	100 g de haricots cuits, pois cassés ou lentilles		
French_fr	yes	food_info_serving_sizes_beans_metric.2	dozeBeans.Serving.metric.2	80 g tofu or tempeh	80 g de tofu ou tempeh		
French_fr	yes	food_info_serving_sizes_beans_metric.3	dozeBeans.Serving.metric.3	100 g fresh peas or sprouted lentils	100 g de petits pois ou lentilles germées		
French_fr	yes	food_info_serving_sizes_berries_metric.0	dozeBerries.Serving.metric.0	70 g fresh or frozen	70 g fraîches ou congelées		this is for the Berries ("Baies") category, hence the feminine
French_fr	yes	food_info_serving_sizes_other_fruits_metric.1	dozeFruitsOther.Serving.metric.1	150 g cut-up fruit	150 g de fruits coupés		
French_fr	yes	food_info_serving_sizes_cruciferous_vegetables_imperial.0	dozeVegetablesCruciferous.Serving.imperial.0	½ cup cooked leafy vegetables	½ tasse de légumes-feuilles cuits		"légumes-feuilles" seems to be a common enough term for leafy vegetables (ex: https://kokopelli-semences.fr/fr/c/semences/potageres/legumes-feuilles)
French_fr	yes	food_info_serving_sizes_cruciferous_vegetables_imperial.1	dozeVegetablesCruciferous.Serving.imperial.1	½ cup raw or cooked non-leafy vegetables	½ tasse de légumes sans feuilles crus ou cuits		
French_fr	yes	food_info_serving_sizes_cruciferous_vegetables_imperial.2	dozeVegetablesCruciferous.Serving.imperial.2	1 cup raw leafy vegetables	1 tasse de légumes-feuilles crus		
French_fr	yes	food_info_serving_sizes_cruciferous_vegetables_imperial.3	dozeVegetablesCruciferous.Serving.imperial.3	¼ cup broccoli sprouts	¼ tasse de pousses de brocoli		
French_fr	yes	food_info_serving_sizes_cruciferous_vegetables_metric.0	dozeVegetablesCruciferous.Serving.metric.0	90 g cooked leafy vegetables	90 g de légumes-feuilles cuits		
French_fr	yes	food_info_serving_sizes_cruciferous_vegetables_metric.1	dozeVegetablesCruciferous.Serving.metric.1	60 g raw or cooked non-leafy vegetables	60 g de légumes sans feuilles crus ou cuits		
French_fr	yes	food_info_serving_sizes_cruciferous_vegetables_metric.2	dozeVegetablesCruciferous.Serving.metric.2	90 g raw leafy vegetables	90 g de légumes-feuilles crus		
French_fr	yes	food_info_serving_sizes_cruciferous_vegetables_metric.3	dozeVegetablesCruciferous.Serving.metric.3	20 g broccoli sprouts	20 g de pousses de brocoli		
French_fr	yes	food_info_serving_sizes_other_vegetables_metric.1	dozeVegetablesOther.Serving.metric.1	90 g raw or cooked nonleafy vegetables	50 g de légumes non feuillus crus ou cuits	shouldn't this be "non-leafy" with a hyphen as in the other instances?	
French_fr	yes	food_info_serving_sizes_other_vegetables_metric.2	dozeVegetablesOther.Serving.metric.2	120 ml vegetable juice	120 ml de jus de légumes		
French_fr	yes	food_info_serving_sizes_other_vegetables_metric.3	dozeVegetablesOther.Serving.metric.3	10 g dried mushrooms	10 g de champignons séchés		
French_fr	yes	food_info_types_other_vegetables.7	dozeVegetablesOther.Variety.Text.7	Mushrooms (button, oyster, porcini, portobello, and shiitake)	Champignons (de Paris, pleurote, portobello, shiitake)		
French_fr	yes	food_info_serving_sizes_whole_grains_imperial.0	dozeWholeGrains.Serving.imperial.0	½ cup cooked whole grains, whole-wheat pasta, or corn kernels	½ tasse de céréales ou pâtes complètes cuites, ou de maïs en grain		
French_fr	yes	food_info_serving_sizes_whole_grains_imperial.1	dozeWholeGrains.Serving.imperial.1	1 cup 100% whole grain cold cereal	1 tasse de céréales complètes froides		
French_fr	yes	food_info_serving_sizes_whole_grains_imperial.2	dozeWholeGrains.Serving.imperial.2	1 100% whole grain tortilla (or 2 smaller corn tortillas)	1 tortilla wrap de farine complète (ou 2 tortillas de maïs plus petites)		tortillas sold in France as "tortilla" or "wrap" or "tortilla wrap" so opted for the latter
French_fr	yes	food_info_serving_sizes_whole_grains_imperial.3	dozeWholeGrains.Serving.imperial.3	1 slice of 100% whole grain bread	1 tranche de pain complet		in France "pain complet" usually means 100%, otherwise it's "semi-complet" or "farine bise"
French_fr	yes	food_info_serving_sizes_whole_grains_metric.0	dozeWholeGrains.Serving.metric.0	100 g cooked whole grains, whole-wheat pasta, or corn kernels	100 g de céréales ou pâtes complètes cuites, ou de maïs en grain		
French_fr	yes	food_info_serving_sizes_whole_grains_metric.1	dozeWholeGrains.Serving.metric.1	50 g 100% whole grain cold cereal	50 g de céréales complètes froides		
French_fr	yes	food_info_serving_sizes_whole_grains_metric.2	dozeWholeGrains.Serving.metric.2	1 100% whole grain tortilla (or 2 smaller corn tortillas)	1 tortilla wrap de farine complète (ou 2 tortillas de maïs plus petites)		
French_fr	yes	food_info_serving_sizes_whole_grains_metric.3	dozeWholeGrains.Serving.metric.3	1 slice of 100% whole grain bread	1 tranche de pain complet		
German_de	yes	food_info_serving_sizes_beans_imperial.2	dozeBeans.Serving.imperial.2	⅓ cup tofu or tempeh	⅓ Tasse Tofu oder Tempeh		
German_de	yes	food_info_serving_sizes_beans_imperial.3	dozeBeans.Serving.imperial.3	1 cup fresh peas or sprouted lentils	1 Tasse frische Erbsen oder gekeimte Linsen		
German_de	yes	food_info_serving_sizes_beans_metric.0	dozeBeans.Serving.metric.0	70 g hummus or bean dip	70 g Hummus oder Bohnendip		
German_de	yes	food_info_serving_sizes_beans_metric.1	dozeBeans.Serving.metric.1	100 g cooked beans, split peas, or lentils	100 g gekochte Bohnen, Spalterbsen oder Linsen		
German_de	yes	food_info_serving_sizes_beans_metric.2	dozeBeans.Serving.metric.2	80 g tofu or tempeh	80 g Tofu oder Tempeh		
German_de	yes	food_info_serving_sizes_beans_metric.3	dozeBeans.Serving.metric.3	100 g fresh peas or sprouted lentils	100 g frische Erbsen oder gekeimte Linsen		
German_de	yes	food_info_serving_sizes_berries_metric.0	dozeBerries.Serving.metric.0	70 g fresh or frozen	70 g frisch oder gefroren		
German_de	yes	food_info_serving_sizes_other_fruits_metric.1	dozeFruitsOther.Serving.metric.1	150 g cut-up fruit	150 g geschnittenes Obst		
German_de	yes	food_info_serving_sizes_cruciferous_vegetables_imperial.0	dozeVegetablesCruciferous.Serving.imperial.0	½ cup cooked leafy vegetables	½ Tasse gekochtes Blattgemüse		
German_de	yes	food_info_serving_sizes_cruciferous_vegetables_imperial.1	dozeVegetablesCruciferous.Serving.imperial.1	½ cup raw or cooked non-leafy vegetables	½ Tasse rohes oder gekochtes Gemüse, ausgenommen Blattgemüse		
German_de	yes	food_info_serving_sizes_cruciferous_vegetables_imperial.2	dozeVegetablesCruciferous.Serving.imperial.2	1 cup raw leafy vegetables	1 Tasse rohes Blattgemüse		
German_de	yes	food_info_serving_sizes_cruciferous_vegetables_imperial.3	dozeVegetablesCruciferous.Serving.imperial.3	¼ cup broccoli sprouts	¼ Tasse Brokkolisprossen		
German_de	yes	food_info_serving_sizes_cruciferous_vegetables_metric.0	dozeVegetablesCruciferous.Serving.metric.0	90 g cooked leafy vegetables	90 g gekochtes Blattgemüse		
German_de	yes	food_info_serving_sizes_cruciferous_vegetables_metric.1	dozeVegetablesCruciferous.Serving.metric.1	60 g raw or cooked non-leafy vegetables	60 g rohes oder gekochtes Gemüse, ausgenommen Blattgemüse		
German_de	yes	food_info_serving_sizes_cruciferous_vegetables_metric.2	dozeVegetablesCruciferous.Serving.metric.2	90 g raw leafy vegetables	90 g rohes Blattgemüse		
German_de	yes	food_info_serving_sizes_cruciferous_vegetables_metric.3	dozeVegetablesCruciferous.Serving.metric.3	20 g broccoli sprouts	20 g Brokkolisprossen		
German_de	yes	food_info_serving_sizes_other_vegetables_metric.1	dozeVegetablesOther.Serving.metric.1	90 g raw or cooked nonleafy vegetables	90 g rohes oder gekochtes Gemüse, ausgenommen Blattgemüse		
German_de	yes	food_info_serving_sizes_other_vegetables_metric.2	dozeVegetablesOther.Serving.metric.2	120 ml vegetable juice	120 ml Gemüsesaft		
German_de	yes	food_info_serving_sizes_other_vegetables_metric.3	dozeVegetablesOther.Serving.metric.3	10 g dried mushrooms	10 g getrocknete Pilze		
German_de	yes	food_info_types_other_vegetables.7	dozeVegetablesOther.Variety.Text.7	Mushrooms (button, oyster, porcini, portobello, and shiitake)	Pilze (Champignons, Austernpilze, Steinpilze, Portobello und Shiitake)		
German_de	yes	food_info_serving_sizes_whole_grains_imperial.0	dozeWholeGrains.Serving.imperial.0	½ cup cooked whole grains, whole-wheat pasta, or corn kernels	½ Tasse gekochte Vollkornprodukte, Vollkornnudeln oder Maiskörner		
German_de	yes	food_info_serving_sizes_whole_grains_imperial.1	dozeWholeGrains.Serving.imperial.1	1 cup 100% whole grain cold cereal	1 Tasse Frühstücksflocken aus 100 % Vollkorn		
German_de	yes	food_info_serving_sizes_whole_grains_imperial.2	dozeWholeGrains.Serving.imperial.2	1 100% whole grain tortilla (or 2 smaller corn tortillas)	1 Tortilla aus 100 % Vollkorn (oder 2 kleinere Maistortillas)		
German_de	yes	food_info_serving_sizes_whole_grains_imperial.3	dozeWholeGrains.Serving.imperial.3	1 slice of 100% whole grain bread	1 Scheibe Brot aus 100 % Vollkorn		
German_de	yes	food_info_serving_sizes_whole_grains_metric.0	dozeWholeGrains.Serving.metric.0	100 g cooked whole grains, whole-wheat pasta, or corn kernels	100 g gekochte Vollkornprodukte, Vollkornnudeln oder Maiskörner		
German_de	yes	food_info_serving_sizes_whole_grains_metric.1	dozeWholeGrains.Serving.metric.1	50 g 100% whole grain cold cereal	50 g Frühstücksflocken aus 100 % Vollkorn		
German_de	yes	food_info_serving_sizes_whole_grains_metric.2	dozeWholeGrains.Serving.metric.2	1 100% whole grain tortilla (or 2 smaller corn tortillas)	1 Tortilla aus 100 % Vollkorn (oder 2 kleinere Maistortillas)		
German_de	yes	food_info_serving_sizes_whole_grains_metric.3	dozeWholeGrains.Serving.metric.3	1 slice of 100% whole grain bread	1 Scheibe Brot aus 100 % Vollkorn		
Hebrew_he	Yes	food_info_serving_sizes_beans_imperial.2	dozeBeans.Serving.imperial.2	⅓ cup tofu or tempeh	⅓ כוס טופו או טמפה		
Hebrew_he	Yes	food_info_serving_sizes_beans_imperial.3	dozeBeans.Serving.imperial.3	1 cup fresh peas or sprouted lentils	1 כוס אפונה טריה או עדשים מונבטות		
Hebrew_he	Yes	food_info_serving_sizes_beans_metric.0	dozeBeans.Serving.metric.0	70 g hummus or bean dip	70 גרם חומוס או מתבל קיטניות		
Hebrew_he	Yes	food_info_serving_sizes_beans_metric.1	dozeBeans.Serving.metric.1	100 g cooked beans, split peas, or lentils	100 גרם שעועית, אפונה יבשה, או עדשים- מבושלות		
Hebrew_he	Yes	food_info_serving_sizes_beans_metric.2	dozeBeans.Serving.metric.2	80 g tofu or tempeh	80 גרם טופו או טמפה		
Hebrew_he	Yes	food_info_serving_sizes_beans_metric.3	dozeBeans.Serving.metric.3	100 g fresh peas or sprouted lentils	100 גרם אפונה טריה או עדשים מונבטות		
Hebrew_he	Yes	food_info_serving_sizes_berries_metric.0	dozeBerries.Serving.metric.0	70 g fresh or frozen	70 גרם טרי או קפוא		
Hebrew_he	Yes	food_info_serving_sizes_other_fruits_metric.1	dozeFruitsOther.Serving.metric.1	150 g cut-up fruit	150 גרם פירות חתוכים		
Hebrew_he	Yes	food_info_serving_sizes_cruciferous_vegetables_imperial.0	dozeVegetablesCruciferous.Serving.imperial.0	½ cup cooked leafy vegetables	½ כוס עלים ירוקים כהים קצוצים		
Hebrew_he	Yes	food_info_serving_sizes_cruciferous_vegetables_imperial.1	dozeVegetablesCruciferous.Serving.imperial.1	½ cup raw or cooked non-leafy vegetables	חצי כוס ירקות לא עליים טריים או מבושלים		
Hebrew_he	Yes	food_info_serving_sizes_cruciferous_vegetables_imperial.2	dozeVegetablesCruciferous.Serving.imperial.2	1 cup raw leafy vegetables	1כוס ירקות עליים טריים		
Hebrew_he	Yes	food_info_serving_sizes_cruciferous_vegetables_imperial.3	dozeVegetablesCruciferous.Serving.imperial.3	¼ cup broccoli sprouts	רבע כוס נבטי ברוקולי		
Hebrew_he	Yes	food_info_serving_sizes_cruciferous_vegetables_metric.0	dozeVegetablesCruciferous.Serving.metric.0	90 g cooked leafy vegetables	90 גרם ירקות עליים מבושלים		
Hebrew_he	Yes	food_info_serving_sizes_cruciferous_vegetables_metric.1	dozeVegetablesCruciferous.Serving.metric.1	60 g raw or cooked non-leafy vegetables	60 גרם ירקות לא עליים טריים או מבושלים		
Hebrew_he	Yes	food_info_serving_sizes_cruciferous_vegetables_metric.2	dozeVegetablesCruciferous.Serving.metric.2	90 g raw leafy vegetables	90 גרם ירקות עלילים טריים		
Hebrew_he	Yes	food_info_serving_sizes_cruciferous_vegetables_metric.3	dozeVegetablesCruciferous.Serving.metric.3	20 g broccoli sprouts	20 גרם נבטי ברוקולי		
Hebrew_he	Yes	food_info_serving_sizes_other_vegetables_metric.1	dozeVegetablesOther.Serving.metric.1	90 g raw or cooked nonleafy vegetables	90 גרם ירקות לא עליים טריים או מבושלים		
Hebrew_he	Yes	food_info_serving_sizes_other_vegetables_metric.2	dozeVegetablesOther.Serving.metric.2	120 ml vegetable juice	120 מ"ל מיץ ירקות		
Hebrew_he	Yes	food_info_serving_sizes_other_vegetables_metric.3	dozeVegetablesOther.Serving.metric.3	10 g dried mushrooms	10 גרם פטריות מיובשות		
Hebrew_he	Yes	food_info_types_other_vegetables.7	dozeVegetablesOther.Variety.Text.7	Mushrooms (button, oyster, porcini, portobello, and shiitake)	פטריות (כפתור, אויסטר, פורטובלו ושיטאקה)		
Hebrew_he	Yes	food_info_serving_sizes_whole_grains_imperial.0	dozeWholeGrains.Serving.imperial.0	½ cup cooked whole grains, whole-wheat pasta, or corn kernels	½ כוס דגנים מלאים מבושלים, פסטה מחיטה מלאה או גרעיני תירס		
Hebrew_he	Yes	food_info_serving_sizes_whole_grains_imperial.1	dozeWholeGrains.Serving.imperial.1	1 cup 100% whole grain cold cereal	1 כוס דגני בוקר מלאים		
Hebrew_he	Yes	food_info_serving_sizes_whole_grains_imperial.2	dozeWholeGrains.Serving.imperial.2	1 100% whole grain tortilla (or 2 smaller corn tortillas)	1 100% טורטיה מדגנים מלאים (או שתי טורטיות קטנות מתירס)		
Hebrew_he	Yes	food_info_serving_sizes_whole_grains_imperial.3	dozeWholeGrains.Serving.imperial.3	1 slice of 100% whole grain bread	חתיכה אחת של לחם מ-100% דגנים מלאים		
Hebrew_he	Yes	food_info_serving_sizes_whole_grains_metric.0	dozeWholeGrains.Serving.metric.0	100 g cooked whole grains, whole-wheat pasta, or corn kernels	100 גרם דגנים מבושלים, פסטה מחיטה מלאה או גרעיני תירס		
Hebrew_he	Yes	food_info_serving_sizes_whole_grains_metric.1	dozeWholeGrains.Serving.metric.1	50 g 100% whole grain cold cereal	50 גרם דגני בוקר עשויים מ-100% חיטה מלאה		
Hebrew_he	Yes	food_info_serving_sizes_whole_grains_metric.2	dozeWholeGrains.Serving.metric.2	1 100% whole grain tortilla (or 2 smaller corn tortillas)	1 100% טורטיה מחיטה מלאה (או שתיים קטנות מתירס)		
Hebrew_he	Yes	food_info_serving_sizes_whole_grains_metric.3	dozeWholeGrains.Serving.metric.3	1 slice of 100% whole grain bread	1 פרוסת לחם מ-100% דגנים מלאים		
Hebrew_he	Yes	about_text_lines.2		The following open source libraries are used: ActiveAndroid, android-iconify, EventBus, LikeAnimation, and MPAndroidChart.	נעשה שימוש בספריות הקוד הפתוחות הבאות: ActiveAndroid, android-iconify, ButterKnife, EventBus, LikeAnimation ו- MPAndroidChart.		
Italian_it	Yes	food_info_serving_sizes_beans_imperial.2	dozeBeans.Serving.imperial.2	⅓ cup tofu or tempeh	⅓ tazza di tofu o tempeh		
Italian_it	Yes	food_info_serving_sizes_beans_imperial.3	dozeBeans.Serving.imperial.3	1 cup fresh peas or sprouted lentils	1 tazza di piselli freschi o lenticchie germinate		
Italian_it	Yes	food_info_serving_sizes_beans_metric.0	dozeBeans.Serving.metric.0	70 g hummus or bean dip	70 g di hummus o crema di fagioli		
Italian_it	Yes	food_info_serving_sizes_beans_metric.1	dozeBeans.Serving.metric.1	100 g cooked beans, split peas, or lentils	100 g di fagioli cotti, piselli decorticati o lenticchie		
Italian_it	Yes	food_info_serving_sizes_beans_metric.2	dozeBeans.Serving.metric.2	80 g tofu or tempeh	80 g di tofu o tempeh		
Italian_it	Yes	food_info_serving_sizes_beans_metric.3	dozeBeans.Serving.metric.3	100 g fresh peas or sprouted lentils	100 g di piselli freschi o lenticchie germinate		
Italian_it	Yes	food_info_serving_sizes_berries_metric.0	dozeBerries.Serving.metric.0	70 g fresh or frozen	70 g freschi o congelati		
Italian_it	Yes	food_info_serving_sizes_other_fruits_metric.1	dozeFruitsOther.Serving.metric.1	150 g cut-up fruit	150 g di frutta tagliata a pezzi		
Italian_it	Yes	food_info_serving_sizes_cruciferous_vegetables_imperial.0	dozeVegetablesCruciferous.Serving.imperial.0	½ cup cooked leafy vegetables	½ tazza di verdura a foglia larga cotta		
Italian_it	Yes	food_info_serving_sizes_cruciferous_vegetables_imperial.1	dozeVegetablesCruciferous.Serving.imperial.1	½ cup raw or cooked non-leafy vegetables	½ tazza di verdura non a foglia larga, cotta o cruda		
Italian_it	Yes	food_info_serving_sizes_cruciferous_vegetables_imperial.2	dozeVegetablesCruciferous.Serving.imperial.2	1 cup raw leafy vegetables	1 tazza di verdura a foglia larga cruda		
Italian_it	Yes	food_info_serving_sizes_cruciferous_vegetables_imperial.3	dozeVegetablesCruciferous.Serving.imperial.3	¼ cup broccoli sprouts	¼ tazza di germogli di broccoli		
Italian_it	Yes	food_info_serving_sizes_cruciferous_vegetables_metric.0	dozeVegetablesCruciferous.Serving.metric.0	90 g cooked leafy vegetables	90 g di verdura a foglia larga cotta		
Italian_it	Yes	food_info_serving_sizes_cruciferous_vegetables_metric.1	dozeVegetablesCruciferous.Serving.metric.1	60 g raw or cooked non-leafy vegetables	60 g di verdura a foglia larga, cotta o cruda		
Italian_it	Yes	food_info_serving_sizes_cruciferous_vegetables_metric.2	dozeVegetablesCruciferous.Serving.metric.2	90 g raw leafy vegetables	90 g di verdura a foglia larga cruda		
Italian_it	Yes	food_info_serving_sizes_cruciferous_vegetables_metric.3	dozeVegetablesCruciferous.Serving.metric.3	20 g broccoli sprouts	20 g di germogli di broccoli		
Italian_it	Yes	food_info_serving_sizes_other_vegetables_metric.1	dozeVegetablesOther.Serving.metric.1	90 g raw or cooked nonleafy vegetables	90 g di verdura non a foglia larga, cotta o cruda		
Italian_it	Yes	food_info_serving_sizes_other_vegetables_metric.2	dozeVegetablesOther.Serving.metric.2	120 ml vegetable juice	120 ml di centrifugato di verdure		
Italian_it	Yes	food_info_serving_sizes_other_vegetables_metric.3	dozeVegetablesOther.Serving.metric.3	10 g dried mushrooms	10 g di funghi secchi		
Italian_it	Yes	food_info_types_other_vegetables.7	dozeVegetablesOther.Variety.Text.7	Mushrooms (button, oyster, porcini, portobello, and shiitake)	Funghi (champignon, cardoncelli, porcini, portobello e shiitake)		
Italian_it	Yes	food_info_serving_sizes_whole_grains_imperial.0	dozeWholeGrains.Serving.imperial.0	½ cup cooked whole grains, whole-wheat pasta, or corn kernels	½ tazza di cereali integrali cotti, pasta integrale o chicchi di mais		
Italian_it	Yes	food_info_serving_sizes_whole_grains_imperial.1	dozeWholeGrains.Serving.imperial.1	1 cup 100% whole grain cold cereal	1 tazza di cereali integrali freddi		
Italian_it	Yes	food_info_serving_sizes_whole_grains_imperial.2	dozeWholeGrains.Serving.imperial.2	1 100% whole grain tortilla (or 2 smaller corn tortillas)	1 tortilla integrale (o 2 più piccole di mais)		
Italian_it	Yes	food_info_serving_sizes_whole_grains_imperial.3	dozeWholeGrains.Serving.imperial.3	1 slice of 100% whole grain bread	1 fetta di pane integrale		It is unclear if the previous text was a translation or a suggestion, so I provided the literal translation of E. It stated "1 slice of bread or 1 flatbread."
Italian_it	Yes	food_info_serving_sizes_whole_grains_metric.0	dozeWholeGrains.Serving.metric.0	100 g cooked whole grains, whole-wheat pasta, or corn kernels	100 g di cereali integrali cotti, pasta integrale o chicchi di mais		
Italian_it	Yes	food_info_serving_sizes_whole_grains_metric.1	dozeWholeGrains.Serving.metric.1	50 g 100% whole grain cold cereal	50 g di cereali integrali freddi		
Italian_it	Yes	food_info_serving_sizes_whole_grains_metric.2	dozeWholeGrains.Serving.metric.2	1 100% whole grain tortilla (or 2 smaller corn tortillas)	1 tortilla integrale (o 2 più piccole di mais)		
Italian_it	Yes	food_info_serving_sizes_whole_grains_metric.3	dozeWholeGrains.Serving.metric.3	1 slice of 100% whole grain bread	1 fetta di pane integrale		
Macedonian_mk	no	food_info_serving_sizes_beans_imperial.2	dozeBeans.Serving.imperial.2	⅓ cup tofu or tempeh	½ шоља тофу или темпе		
Macedonian_mk	no	food_info_serving_sizes_beans_imperial.3	dozeBeans.Serving.imperial.3	1 cup fresh peas or sprouted lentils	1 шоља свеж или замрзнат грашок		
Macedonian_mk	no	food_info_serving_sizes_beans_metric.0	dozeBeans.Serving.metric.0	70 g hummus or bean dip	60 г хумус или паста од грав		
Macedonian_mk	no	food_info_serving_sizes_beans_metric.1	dozeBeans.Serving.metric.1	100 g cooked beans, split peas, or lentils	90 г варен грав, разделен грашок или леќа		
Macedonian_mk	no	food_info_serving_sizes_beans_metric.2	dozeBeans.Serving.metric.2	80 g tofu or tempeh	100 г тофу или темпе		
Macedonian_mk	no	food_info_serving_sizes_beans_metric.3	dozeBeans.Serving.metric.3	100 g fresh peas or sprouted lentils	130 г свеж или замрзнат грашок		
Macedonian_mk	no	food_info_serving_sizes_berries_metric.0	dozeBerries.Serving.metric.0	70 g fresh or frozen	60 г свежи или замрзнати		
Macedonian_mk	no	food_info_serving_sizes_other_fruits_metric.1	dozeFruitsOther.Serving.metric.1	150 g cut-up fruit	120 г исецкано овошје		
Macedonian_mk	no	food_info_serving_sizes_cruciferous_vegetables_imperial.0	dozeVegetablesCruciferous.Serving.imperial.0	½ cup cooked leafy vegetables	½ шоља исецкани		
Macedonian_mk	no	food_info_serving_sizes_cruciferous_vegetables_imperial.1	dozeVegetablesCruciferous.Serving.imperial.1	½ cup raw or cooked non-leafy vegetables	½ шоља прокељ		
Macedonian_mk	no	food_info_serving_sizes_cruciferous_vegetables_imperial.2	dozeVegetablesCruciferous.Serving.imperial.2	1 cup raw leafy vegetables	1 cup raw leafy vegetables		
Macedonian_mk	no	food_info_serving_sizes_cruciferous_vegetables_imperial.3	dozeVegetablesCruciferous.Serving.imperial.3	¼ cup broccoli sprouts	¼ шоља никулци од брокули		
Macedonian_mk	no	food_info_serving_sizes_cruciferous_vegetables_metric.0	dozeVegetablesCruciferous.Serving.metric.0	90 g cooked leafy vegetables	30–80 г исецкани		
Macedonian_mk	no	food_info_serving_sizes_cruciferous_vegetables_metric.1	dozeVegetablesCruciferous.Serving.metric.1	60 g raw or cooked non-leafy vegetables	80 г прокељ		
Macedonian_mk	no	food_info_serving_sizes_cruciferous_vegetables_metric.2	dozeVegetablesCruciferous.Serving.metric.2	90 g raw leafy vegetables	90 g raw leafy vegetables		
Macedonian_mk	no	food_info_serving_sizes_cruciferous_vegetables_metric.3	dozeVegetablesCruciferous.Serving.metric.3	20 g broccoli sprouts	15 г никулци од брокули		
Macedonian_mk	no	food_info_serving_sizes_other_vegetables_metric.1	dozeVegetablesOther.Serving.metric.1	90 g raw or cooked nonleafy vegetables	50 г свежи или варени не-лиснати зеленчуци		
Macedonian_mk	no	food_info_serving_sizes_other_vegetables_metric.2	dozeVegetablesOther.Serving.metric.2	120 ml vegetable juice	125 мл сок од зеленчук		
Macedonian_mk	no	food_info_serving_sizes_other_vegetables_metric.3	dozeVegetablesOther.Serving.metric.3	10 g dried mushrooms	7 г суви печурки		
Macedonian_mk	no	food_info_types_other_vegetables.7	dozeVegetablesOther.Variety.Text.7	Mushrooms (button, oyster, porcini, portobello, and shiitake)	Печурки		
Macedonian_mk	no	food_info_serving_sizes_whole_grains_imperial.0	dozeWholeGrains.Serving.imperial.0	½ cup cooked whole grains, whole-wheat pasta, or corn kernels	½ шоља топли житарки или варени жита, тестенини или пченкарни никулци		
Macedonian_mk	no	food_info_serving_sizes_whole_grains_imperial.1	dozeWholeGrains.Serving.imperial.1	1 cup 100% whole grain cold cereal	1 шоља ладни житарки		
Macedonian_mk	no	food_info_serving_sizes_whole_grains_imperial.2	dozeWholeGrains.Serving.imperial.2	1 100% whole grain tortilla (or 2 smaller corn tortillas)	1 100% whole grain tortilla (or 2 smaller corn tortillas)		
Macedonian_mk	no	food_info_serving_sizes_whole_grains_imperial.3	dozeWholeGrains.Serving.imperial.3	1 slice of 100% whole grain bread	1 тортиља или парче леб		
Macedonian_mk	no	food_info_serving_sizes_whole_grains_metric.0	dozeWholeGrains.Serving.metric.0	100 g cooked whole grains, whole-wheat pasta, or corn kernels	100 г топли житарки или варени жита, тестенини или пченкарни никулци		
Macedonian_mk	no	food_info_serving_sizes_whole_grains_metric.1	dozeWholeGrains.Serving.metric.1	50 g 100% whole grain cold cereal	50 г ладни житарки		
Macedonian_mk	no	food_info_serving_sizes_whole_grains_metric.2	dozeWholeGrains.Serving.metric.2	1 100% whole grain tortilla (or 2 smaller corn tortillas)	1 100% whole grain tortilla (or 2 smaller corn tortillas)		
Macedonian_mk	no	food_info_serving_sizes_whole_grains_metric.3	dozeWholeGrains.Serving.metric.3	1 slice of 100% whole grain bread	1 тортиља или парче леба		
Persian_fa	yes	food_info_serving_sizes_beans_imperial.2	dozeBeans.Serving.imperial.2	⅓ cup tofu or tempeh	یک‌سومِ پیمانه توفو یا تِمپه		
Persian_fa	yes	food_info_serving_sizes_beans_imperial.3	dozeBeans.Serving.imperial.3	1 cup fresh peas or sprouted lentils	۱ پیمانه نخودسبز یا نخودفرنگی		
Persian_fa	yes	food_info_serving_sizes_beans_metric.0	dozeBeans.Serving.metric.0	70 g hummus or bean dip	۷۰ گرم حُمُص یا دیپِ لوبیا		
Persian_fa	yes	food_info_serving_sizes_beans_metric.1	dozeBeans.Serving.metric.1	100 g cooked beans, split peas, or lentils	۱۰۰ گرم لوبیا، نخود، لپه، یا عدسِ پخته		
Persian_fa	yes	food_info_serving_sizes_beans_metric.2	dozeBeans.Serving.metric.2	80 g tofu or tempeh	۸۰ گرم توفو یا تِمپه		
Persian_fa	yes	food_info_serving_sizes_beans_metric.3	dozeBeans.Serving.metric.3	100 g fresh peas or sprouted lentils	۱۰۰ گرم نخودسبز یا نخودفرنگی		
Persian_fa	yes	food_info_serving_sizes_berries_metric.0	dozeBerries.Serving.metric.0	70 g fresh or frozen	۷۰ گرم تازه یا منجمد		
Persian_fa	yes	food_info_serving_sizes_other_fruits_metric.1	dozeFruitsOther.Serving.metric.1	150 g cut-up fruit	۱۵۰ گرم میوۀ خردشده		
Persian_fa	yes	food_info_serving_sizes_cruciferous_vegetables_imperial.0	dozeVegetablesCruciferous.Serving.imperial.0	½ cup cooked leafy vegetables	یک‌دومِ پیمانه سبزیجاتِ برگدارِ پخته		
Persian_fa	yes	food_info_serving_sizes_cruciferous_vegetables_imperial.1	dozeVegetablesCruciferous.Serving.imperial.1	½ cup raw or cooked non-leafy vegetables	یک‌دومِ پیمانه سبزیجاتِ بی‌برگِ خام یا پخته		
Persian_fa	yes	food_info_serving_sizes_cruciferous_vegetables_imperial.2	dozeVegetablesCruciferous.Serving.imperial.2	1 cup raw leafy vegetables	۱ پیمانه سبزیجاتِ برگدارِ خام		
Persian_fa	yes	food_info_serving_sizes_cruciferous_vegetables_imperial.3	dozeVegetablesCruciferous.Serving.imperial.3	¼ cup broccoli sprouts	یک‌چهارمِ پیمانه جوانۀ کلم‌بروکلی		
Persian_fa	yes	food_info_serving_sizes_cruciferous_vegetables_metric.0	dozeVegetablesCruciferous.Serving.metric.0	90 g cooked leafy vegetables	۹۰ گرم سبزیجاتِ برگدارِ پخته		
Persian_fa	yes	food_info_serving_sizes_cruciferous_vegetables_metric.1	dozeVegetablesCruciferous.Serving.metric.1	60 g raw or cooked non-leafy vegetables	۶۰ گرم سبزیجاتِ بی‌برگِ خام یا پخته		
Persian_fa	yes	food_info_serving_sizes_cruciferous_vegetables_metric.2	dozeVegetablesCruciferous.Serving.metric.2	90 g raw leafy vegetables	۹۰ گرم سبزیجاتِ برگدارِ خام		
Persian_fa	yes	food_info_serving_sizes_cruciferous_vegetables_metric.3	dozeVegetablesCruciferous.Serving.metric.3	20 g broccoli sprouts	۲۰ گرم جوانۀ کلم‌بروکلی		
Persian_fa	yes	food_info_serving_sizes_other_vegetables_metric.1	dozeVegetablesOther.Serving.metric.1	90 g raw or cooked nonleafy vegetables	۹۰ گرم سبزیجاتِ بی‌برگِ خام یا پخته		
Persian_fa	yes	food_info_serving_sizes_other_vegetables_metric.2	dozeVegetablesOther.Serving.metric.2	120 ml vegetable juice	۱۲۰ میلی‌لیتر آبِ سبزیجات		
Persian_fa	yes	food_info_serving_sizes_other_vegetables_metric.3	dozeVegetablesOther.Serving.metric.3	10 g dried mushrooms	۱۰ گرم قارچِ خشک‌شده		
Persian_fa	yes	food_info_types_other_vegetables.7	dozeVegetablesOther.Variety.Text.7	Mushrooms (button, oyster, porcini, portobello, and shiitake)	قارچ (دکمه‌ای، صدفی، پورچینی، پُرتابِلّا، و شیتاکه)		
Persian_fa	yes	food_info_serving_sizes_whole_grains_imperial.0	dozeWholeGrains.Serving.imperial.0	½ cup cooked whole grains, whole-wheat pasta, or corn kernels	یک‌دومِ پیمانه غلاتِ کامل، پاستای غلاتِ کامل یا دانه‌های ذرتِ پخته		
Persian_fa	yes	food_info_serving_sizes_whole_grains_imperial.1	dozeWholeGrains.Serving.imperial.1	1 cup 100% whole grain cold cereal	۱ پیمانه غلاتِ صبحانۀ سرد از ۱۰۰% غلاتِ کامل		
Persian_fa	yes	food_info_serving_sizes_whole_grains_imperial.2	dozeWholeGrains.Serving.imperial.2	1 100% whole grain tortilla (or 2 smaller corn tortillas)	۱ تُرتیلا از ۱۰۰% غلاتِ کامل (یا ۲ ترتیلای ذرتِ کوچکتر)		
Persian_fa	yes	food_info_serving_sizes_whole_grains_imperial.3	dozeWholeGrains.Serving.imperial.3	1 slice of 100% whole grain bread	۱ برش نان از ۱۰۰% غلاتِ کامل		
Persian_fa	yes	food_info_serving_sizes_whole_grains_metric.0	dozeWholeGrains.Serving.metric.0	100 g cooked whole grains, whole-wheat pasta, or corn kernels	۱۰۰ گرم غلاتِ کامل، پاستای غلاتِ کامل یا دانه‌های ذرتِ پخته		
Persian_fa	yes	food_info_serving_sizes_whole_grains_metric.1	dozeWholeGrains.Serving.metric.1	50 g 100% whole grain cold cereal	۵۰ گرم غلاتِ صبحانۀ سرد از ۱۰۰% غلاتِ کامل		
Persian_fa	yes	food_info_serving_sizes_whole_grains_metric.2	dozeWholeGrains.Serving.metric.2	1 100% whole grain tortilla (or 2 smaller corn tortillas)	۱ تُرتیلا از ۱۰۰% غلاتِ کامل (یا ۲ ترتیلای ذرتِ کوچکتر)		
Persian_fa	yes	food_info_serving_sizes_whole_grains_metric.3	dozeWholeGrains.Serving.metric.3	1 slice of 100% whole grain bread	۱ برش نان از ۱۰۰% غلاتِ کامل		
Polish_pl	no	food_info_serving_sizes_beans_imperial.2	dozeBeans.Serving.imperial.2	⅓ cup tofu or tempeh	½ szklanki tofu lub tempehu		
Polish_pl	no	food_info_serving_sizes_beans_imperial.3	dozeBeans.Serving.imperial.3	1 cup fresh peas or sprouted lentils	1 szklanka świeżego groszku lub groszku młodego cukrowego		
Polish_pl	no	food_info_serving_sizes_beans_metric.0	dozeBeans.Serving.metric.0	70 g hummus or bean dip	60 g hummusu lub dipu z fasoli		
Polish_pl	no	food_info_serving_sizes_beans_metric.1	dozeBeans.Serving.metric.1	100 g cooked beans, split peas, or lentils	90 g ugotowanej fasoli, grochu łuskanego, lub soczewicy		
Polish_pl	no	food_info_serving_sizes_beans_metric.2	dozeBeans.Serving.metric.2	80 g tofu or tempeh	100 g tofu lub tempehu		
Polish_pl	no	food_info_serving_sizes_beans_metric.3	dozeBeans.Serving.metric.3	100 g fresh peas or sprouted lentils	130 g świeżego groszku lub groszku młodego cukrowego		
Polish_pl	no	food_info_serving_sizes_berries_metric.0	dozeBerries.Serving.metric.0	70 g fresh or frozen	60 g świeżych lub mrożonych		
Polish_pl	no	food_info_serving_sizes_other_fruits_metric.1	dozeFruitsOther.Serving.metric.1	150 g cut-up fruit	120 g pokrojonych owoców		
Polish_pl	no	food_info_serving_sizes_cruciferous_vegetables_imperial.0	dozeVegetablesCruciferous.Serving.imperial.0	½ cup cooked leafy vegetables	½ szklanki posiekanych		
Polish_pl	no	food_info_serving_sizes_cruciferous_vegetables_imperial.1	dozeVegetablesCruciferous.Serving.imperial.1	½ cup raw or cooked non-leafy vegetables	½ szklanki brukselki		
Polish_pl	no	food_info_serving_sizes_cruciferous_vegetables_imperial.2	dozeVegetablesCruciferous.Serving.imperial.2	1 cup raw leafy vegetables	1 cup raw leafy vegetables		
Polish_pl	no	food_info_serving_sizes_cruciferous_vegetables_imperial.3	dozeVegetablesCruciferous.Serving.imperial.3	¼ cup broccoli sprouts	¼ szklanki kiełków brokułu		
Polish_pl	no	food_info_serving_sizes_cruciferous_vegetables_metric.0	dozeVegetablesCruciferous.Serving.metric.0	90 g cooked leafy vegetables	30–80 g posiekanych		
Polish_pl	no	food_info_serving_sizes_cruciferous_vegetables_metric.1	dozeVegetablesCruciferous.Serving.metric.1	60 g raw or cooked non-leafy vegetables	80 g brukselki		
Polish_pl	no	food_info_serving_sizes_cruciferous_vegetables_metric.2	dozeVegetablesCruciferous.Serving.metric.2	90 g raw leafy vegetables	90 g raw leafy vegetables		
Polish_pl	no	food_info_serving_sizes_cruciferous_vegetables_metric.3	dozeVegetablesCruciferous.Serving.metric.3	20 g broccoli sprouts	15 g  kiełków brokułu		
Polish_pl	no	food_info_serving_sizes_other_vegetables_metric.1	dozeVegetablesOther.Serving.metric.1	90 g raw or cooked nonleafy vegetables	50 g surowych lub gotowanych warzyw nieliściastych		
Polish_pl	no	food_info_serving_sizes_other_vegetables_metric.2	dozeVegetablesOther.Serving.metric.2	120 ml vegetable juice	125 ml soku warzywnego		
Polish_pl	no	food_info_serving_sizes_other_vegetables_metric.3	dozeVegetablesOther.Serving.metric.3	10 g dried mushrooms	7 g suszonych grzybów		
Polish_pl	no	food_info_types_other_vegetables.7	dozeVegetablesOther.Variety.Text.7	Mushrooms (button, oyster, porcini, portobello, and shiitake)	Grzyby (młode pieczarki, boczniaki, pieczarki portobello, shiitake)		
Polish_pl	no	food_info_serving_sizes_whole_grains_imperial.0	dozeWholeGrains.Serving.imperial.0	½ cup cooked whole grains, whole-wheat pasta, or corn kernels	½ szklanki gorących płatków zbożowych lub gotowanych ziaren zbóż, makaronu lub ziaren kukurydzy		
Polish_pl	no	food_info_serving_sizes_whole_grains_imperial.1	dozeWholeGrains.Serving.imperial.1	1 cup 100% whole grain cold cereal	1 szklanka płatków śniadaniowych na zimno		
Polish_pl	no	food_info_serving_sizes_whole_grains_imperial.2	dozeWholeGrains.Serving.imperial.2	1 100% whole grain tortilla (or 2 smaller corn tortillas)	1 100% whole grain tortilla (or 2 smaller corn tortillas)		
Polish_pl	no	food_info_serving_sizes_whole_grains_imperial.3	dozeWholeGrains.Serving.imperial.3	1 slice of 100% whole grain bread	1 tortilla lub kromka chleba		
Polish_pl	no	food_info_serving_sizes_whole_grains_metric.0	dozeWholeGrains.Serving.metric.0	100 g cooked whole grains, whole-wheat pasta, or corn kernels	100 g gorących płatków zbożowych lub gotowanych ziaren zbóż, makaronu lub ziaren kukurydzy		
Polish_pl	no	food_info_serving_sizes_whole_grains_metric.1	dozeWholeGrains.Serving.metric.1	50 g 100% whole grain cold cereal	50 g płatków śniadaniowych na zimno		
Polish_pl	no	food_info_serving_sizes_whole_grains_metric.2	dozeWholeGrains.Serving.metric.2	1 100% whole grain tortilla (or 2 smaller corn tortillas)	1 100% whole grain tortilla (or 2 smaller corn tortillas)		
Polish_pl	no	food_info_serving_sizes_whole_grains_metric.3	dozeWholeGrains.Serving.metric.3	1 slice of 100% whole grain bread	1 tortilla lub kromka chleba		
Portuguese_pt-rBR	yes	food_info_serving_sizes_beans_imperial.2	dozeBeans.Serving.imperial.2	⅓ cup tofu or tempeh	⅓ xícara de tofu ou tempeh		
Portuguese_pt-rBR	yes	food_info_serving_sizes_beans_imperial.3	dozeBeans.Serving.imperial.3	1 cup fresh peas or sprouted lentils	1 xícara de ervilha fresca ou lentilha germinada		
Portuguese_pt-rBR	yes	food_info_serving_sizes_beans_metric.0	dozeBeans.Serving.metric.0	70 g hummus or bean dip	70 g de homus ou patê de feijão		
Portuguese_pt-rBR	yes	food_info_serving_sizes_beans_metric.1	dozeBeans.Serving.metric.1	100 g cooked beans, split peas, or lentils	100 g de feijão, ervilha ou lentilha cozidos		
Portuguese_pt-rBR	yes	food_info_serving_sizes_beans_metric.2	dozeBeans.Serving.metric.2	80 g tofu or tempeh	80 g de tofu ou tempê		
Portuguese_pt-rBR	yes	food_info_serving_sizes_beans_metric.3	dozeBeans.Serving.metric.3	100 g fresh peas or sprouted lentils	100 g de ervilha fresca ou lentilha germinada		
Portuguese_pt-rBR	yes	food_info_serving_sizes_berries_metric.0	dozeBerries.Serving.metric.0	70 g fresh or frozen	70 g frescos ou congelados		
Portuguese_pt-rBR	yes	food_info_serving_sizes_other_fruits_metric.1	dozeFruitsOther.Serving.metric.1	150 g cut-up fruit	150 g de frutas picadas		
Portuguese_pt-rBR	yes	food_info_serving_sizes_cruciferous_vegetables_imperial.0	dozeVegetablesCruciferous.Serving.imperial.0	½ cup cooked leafy vegetables	½ xícara de vegetais folhosos cozidos		
Portuguese_pt-rBR	yes	food_info_serving_sizes_cruciferous_vegetables_imperial.1	dozeVegetablesCruciferous.Serving.imperial.1	½ cup raw or cooked non-leafy vegetables	½ xícara de vegetais não-folhosos crús ou cozidos		
Portuguese_pt-rBR	yes	food_info_serving_sizes_cruciferous_vegetables_imperial.2	dozeVegetablesCruciferous.Serving.imperial.2	1 cup raw leafy vegetables	1 xícara de vegetais folhosos crús		
Portuguese_pt-rBR	yes	food_info_serving_sizes_cruciferous_vegetables_imperial.3	dozeVegetablesCruciferous.Serving.imperial.3	¼ cup broccoli sprouts	¼ xícara de brotos de brócolis		
Portuguese_pt-rBR	yes	food_info_serving_sizes_cruciferous_vegetables_metric.0	dozeVegetablesCruciferous.Serving.metric.0	90 g cooked leafy vegetables	90 g de vegetais folhosos cozidos		
Portuguese_pt-rBR	yes	food_info_serving_sizes_cruciferous_vegetables_metric.1	dozeVegetablesCruciferous.Serving.metric.1	60 g raw or cooked non-leafy vegetables	60 g de vegetais não-folhosos crús ou cozidos		
Portuguese_pt-rBR	yes	food_info_serving_sizes_cruciferous_vegetables_metric.2	dozeVegetablesCruciferous.Serving.metric.2	90 g raw leafy vegetables	90 g de vegetais folhosos crús		
Portuguese_pt-rBR	yes	food_info_serving_sizes_cruciferous_vegetables_metric.3	dozeVegetablesCruciferous.Serving.metric.3	20 g broccoli sprouts	20 g brotos de brócolis		
Portuguese_pt-rBR	yes	food_info_serving_sizes_other_vegetables_metric.1	dozeVegetablesOther.Serving.metric.1	90 g raw or cooked nonleafy vegetables	90 g de vegetais não-folhosos crús ou cozidos		
Portuguese_pt-rBR	yes	food_info_serving_sizes_other_vegetables_metric.2	dozeVegetablesOther.Serving.metric.2	120 ml vegetable juice	120 ml de suco de vegetais		
Portuguese_pt-rBR	yes	food_info_serving_sizes_other_vegetables_metric.3	dozeVegetablesOther.Serving.metric.3	10 g dried mushrooms	10 g de cogumelos secos		
Portuguese_pt-rBR	yes	food_info_types_other_vegetables.7	dozeVegetablesOther.Variety.Text.7	Mushrooms (button, oyster, porcini, portobello, and shiitake)	Cogumelos (champignon, pleurotus, portobello e shitake)		
Portuguese_pt-rBR	yes	food_info_serving_sizes_whole_grains_imperial.0	dozeWholeGrains.Serving.imperial.0	½ cup cooked whole grains, whole-wheat pasta, or corn kernels	½ xícara de cereais integrais, macarrão integral ou grãos de milho cozidos		
Portuguese_pt-rBR	yes	food_info_serving_sizes_whole_grains_imperial.1	dozeWholeGrains.Serving.imperial.1	1 cup 100% whole grain cold cereal	1 xícara de cereais matinais 100% integrais		
Portuguese_pt-rBR	yes	food_info_serving_sizes_whole_grains_imperial.2	dozeWholeGrains.Serving.imperial.2	1 100% whole grain tortilla (or 2 smaller corn tortillas)	1 tortilha 100% integral (ou 2 tortilhas mais pequenas)		
Portuguese_pt-rBR	yes	food_info_serving_sizes_whole_grains_imperial.3	dozeWholeGrains.Serving.imperial.3	1 slice of 100% whole grain bread	1 fatia de pão 100% de grãos integrais		
Portuguese_pt-rBR	yes	food_info_serving_sizes_whole_grains_metric.0	dozeWholeGrains.Serving.metric.0	100 g cooked whole grains, whole-wheat pasta, or corn kernels	100 g de cereais integrais, macarrão integral ou grãos de milho cozidos		
Portuguese_pt-rBR	yes	food_info_serving_sizes_whole_grains_metric.1	dozeWholeGrains.Serving.metric.1	50 g 100% whole grain cold cereal	50 g de cereais matinais 100% integrais		
Portuguese_pt-rBR	yes	food_info_serving_sizes_whole_grains_metric.2	dozeWholeGrains.Serving.metric.2	1 100% whole grain tortilla (or 2 smaller corn tortillas)	1 tortilha 100% integral (ou 2 tortilhas mais pequenas)		
Portuguese_pt-rBR	yes	food_info_serving_sizes_whole_grains_metric.3	dozeWholeGrains.Serving.metric.3	1 slice of 100% whole grain bread	1 fatia de pão 100% de grãos integrais		
Portuguese_pt-rPT	yes	food_info_serving_sizes_beans_imperial.2	dozeBeans.Serving.imperial.2	⅓ cup tofu or tempeh	⅓ chávena de tofu ou tempeh		
Portuguese_pt-rPT	yes	food_info_serving_sizes_beans_imperial.3	dozeBeans.Serving.imperial.3	1 cup fresh peas or sprouted lentils	1 chávena de ervilha fresca ou lentilha germinada		
Portuguese_pt-rPT	yes	food_info_serving_sizes_beans_metric.0	dozeBeans.Serving.metric.0	70 g hummus or bean dip	70 g de hummus or pasta de leguminosas		
Portuguese_pt-rPT	yes	food_info_serving_sizes_beans_metric.1	dozeBeans.Serving.metric.1	100 g cooked beans, split peas, or lentils	100 g de feijões, ervilhas ou lentilhas cozidas		
Portuguese_pt-rPT	yes	food_info_serving_sizes_beans_metric.2	dozeBeans.Serving.metric.2	80 g tofu or tempeh	80 g de tofu ou tempeh		
Portuguese_pt-rPT	yes	food_info_serving_sizes_beans_metric.3	dozeBeans.Serving.metric.3	100 g fresh peas or sprouted lentils	100 g de ervilhas frescas ou lentilhas cozidas		
Portuguese_pt-rPT	yes	food_info_serving_sizes_berries_metric.0	dozeBerries.Serving.metric.0	70 g fresh or frozen	70 g frescas ou congeladas		
Portuguese_pt-rPT	yes	food_info_serving_sizes_other_fruits_metric.1	dozeFruitsOther.Serving.metric.1	150 g cut-up fruit	150 g de fruta cortada		
Portuguese_pt-rPT	yes	food_info_serving_sizes_cruciferous_vegetables_imperial.0	dozeVegetablesCruciferous.Serving.imperial.0	½ cup cooked leafy vegetables	½ chávena de vegetais folhosos cozidos		
Portuguese_pt-rPT	yes	food_info_serving_sizes_cruciferous_vegetables_imperial.1	dozeVegetablesCruciferous.Serving.imperial.1	½ cup raw or cooked non-leafy vegetables	½ chávena de vegetais não-folhosos crús ou cozidos		
Portuguese_pt-rPT	yes	food_info_serving_sizes_cruciferous_vegetables_imperial.2	dozeVegetablesCruciferous.Serving.imperial.2	1 cup raw leafy vegetables	1 chávena de vegetais folhosos crús		
Portuguese_pt-rPT	yes	food_info_serving_sizes_cruciferous_vegetables_imperial.3	dozeVegetablesCruciferous.Serving.imperial.3	¼ cup broccoli sprouts	¼ chávena de rebentos de brócolos		
Portuguese_pt-rPT	yes	food_info_serving_sizes_cruciferous_vegetables_metric.0	dozeVegetablesCruciferous.Serving.metric.0	90 g cooked leafy vegetables	90 g de vegetais folhosos cozidos		
Portuguese_pt-rPT	yes	food_info_serving_sizes_cruciferous_vegetables_metric.1	dozeVegetablesCruciferous.Serving.metric.1	60 g raw or cooked non-leafy vegetables	60 g de vegetais não-folhosos crús ou cozidos		
Portuguese_pt-rPT	yes	food_info_serving_sizes_cruciferous_vegetables_metric.2	dozeVegetablesCruciferous.Serving.metric.2	90 g raw leafy vegetables	90 g de vegetais folhosos cozidos		
Portuguese_pt-rPT	yes	food_info_serving_sizes_cruciferous_vegetables_metric.3	dozeVegetablesCruciferous.Serving.metric.3	20 g broccoli sprouts	20 g de rebentos de brócolos		
Portuguese_pt-rPT	yes	food_info_serving_sizes_other_vegetables_metric.1	dozeVegetablesOther.Serving.metric.1	90 g raw or cooked nonleafy vegetables	90 g de vegetais não-folhosos crus ou cozidos		
Portuguese_pt-rPT	yes	food_info_serving_sizes_other_vegetables_metric.2	dozeVegetablesOther.Serving.metric.2	120 ml vegetable juice	120 ml de sumo de vegetais		
Portuguese_pt-rPT	yes	food_info_serving_sizes_other_vegetables_metric.3	dozeVegetablesOther.Serving.metric.3	10 g dried mushrooms	10 g de cogumelos secos		
Portuguese_pt-rPT	yes	food_info_types_other_vegetables.7	dozeVegetablesOther.Variety.Text.7	Mushrooms (button, oyster, porcini, portobello, and shiitake)	Cogumelos (champignon, pleurotus, portobello e shitake)		
Portuguese_pt-rPT	yes	food_info_serving_sizes_whole_grains_imperial.0	dozeWholeGrains.Serving.imperial.0	½ cup cooked whole grains, whole-wheat pasta, or corn kernels	½ chávena de cereais integrais, massas integrais ou grãos de milho cozidos		
Portuguese_pt-rPT	yes	food_info_serving_sizes_whole_grains_imperial.1	dozeWholeGrains.Serving.imperial.1	1 cup 100% whole grain cold cereal	1 chávena de cereais matinais 100% integrais		
Portuguese_pt-rPT	yes	food_info_serving_sizes_whole_grains_imperial.2	dozeWholeGrains.Serving.imperial.2	1 100% whole grain tortilla (or 2 smaller corn tortillas)	1 tortilha 100% integral (ou 2 tortilhas mais pequenas)		
Portuguese_pt-rPT	yes	food_info_serving_sizes_whole_grains_imperial.3	dozeWholeGrains.Serving.imperial.3	1 slice of 100% whole grain bread	1 fatia de pão 100% de grãos integrais		
Portuguese_pt-rPT	yes	food_info_serving_sizes_whole_grains_metric.0	dozeWholeGrains.Serving.metric.0	100 g cooked whole grains, whole-wheat pasta, or corn kernels	100 g de cereais integrais, massas integrais ou grãos de milho cozidos		
Portuguese_pt-rPT	yes	food_info_serving_sizes_whole_grains_metric.1	dozeWholeGrains.Serving.metric.1	50 g 100% whole grain cold cereal	50 g de cereais matinais 100% integrais		
Portuguese_pt-rPT	yes	food_info_serving_sizes_whole_grains_metric.2	dozeWholeGrains.Serving.metric.2	1 100% whole grain tortilla (or 2 smaller corn tortillas)	1 tortilha 100% integral (ou 2 tortilhas mais pequenas)		
Portuguese_pt-rPT	yes	food_info_serving_sizes_whole_grains_metric.3	dozeWholeGrains.Serving.metric.3	1 slice of 100% whole grain bread	1 fatia de pão 100% de grãos integrais		
Romanian_ro	no	food_info_serving_sizes_beans_imperial.2	dozeBeans.Serving.imperial.2	⅓ cup tofu or tempeh	½ cană tofu sau tempeh		
Romanian_ro	no	food_info_serving_sizes_beans_imperial.3	dozeBeans.Serving.imperial.3	1 cup fresh peas or sprouted lentils	1 cană mazăre de grădină sau mazăre de zăpadă		
Romanian_ro	no	food_info_serving_sizes_beans_metric.0	dozeBeans.Serving.metric.0	70 g hummus or bean dip	60 g humus sau de fasole frecată		
Romanian_ro	no	food_info_serving_sizes_beans_metric.1	dozeBeans.Serving.metric.1	100 g cooked beans, split peas, or lentils	90 g fasole gătită, mazăre uscată (galbenă sau verde) sau linte		
Romanian_ro	no	food_info_serving_sizes_beans_metric.2	dozeBeans.Serving.metric.2	80 g tofu or tempeh	100 g tofu sau tempeh		
Romanian_ro	no	food_info_serving_sizes_beans_metric.3	dozeBeans.Serving.metric.3	100 g fresh peas or sprouted lentils	100 g mazăre de grădină sau mazăre de zăpadă		
Romanian_ro	no	food_info_serving_sizes_berries_metric.0	dozeBerries.Serving.metric.0	70 g fresh or frozen	60 g proaspete sau congelate		
Romanian_ro	no	food_info_serving_sizes_other_fruits_metric.1	dozeFruitsOther.Serving.metric.1	150 g cut-up fruit	120 g fructe tăiate		
Romanian_ro	no	food_info_serving_sizes_cruciferous_vegetables_imperial.0	dozeVegetablesCruciferous.Serving.imperial.0	½ cup cooked leafy vegetables	½ cană tocate		
Romanian_ro	no	food_info_serving_sizes_cruciferous_vegetables_imperial.1	dozeVegetablesCruciferous.Serving.imperial.1	½ cup raw or cooked non-leafy vegetables	½ cană varză de Bruxelles		
Romanian_ro	no	food_info_serving_sizes_cruciferous_vegetables_imperial.2	dozeVegetablesCruciferous.Serving.imperial.2	1 cup raw leafy vegetables	1 cup raw leafy vegetables		
Romanian_ro	no	food_info_serving_sizes_cruciferous_vegetables_imperial.3	dozeVegetablesCruciferous.Serving.imperial.3	¼ cup broccoli sprouts	¼ cană germeni de broccoli		
Romanian_ro	no	food_info_serving_sizes_cruciferous_vegetables_metric.0	dozeVegetablesCruciferous.Serving.metric.0	90 g cooked leafy vegetables	30–80 g tocate		
Romanian_ro	no	food_info_serving_sizes_cruciferous_vegetables_metric.1	dozeVegetablesCruciferous.Serving.metric.1	60 g raw or cooked non-leafy vegetables	80 g varză de Bruxelles		
Romanian_ro	no	food_info_serving_sizes_cruciferous_vegetables_metric.2	dozeVegetablesCruciferous.Serving.metric.2	90 g raw leafy vegetables	90 g raw leafy vegetables		
Romanian_ro	no	food_info_serving_sizes_cruciferous_vegetables_metric.3	dozeVegetablesCruciferous.Serving.metric.3	20 g broccoli sprouts	15 g cană germeni de broccoli		
Romanian_ro	no	food_info_serving_sizes_other_vegetables_metric.1	dozeVegetablesOther.Serving.metric.1	90 g raw or cooked nonleafy vegetables	50 g legume fară frunze, crude sau gătite		
Romanian_ro	no	food_info_serving_sizes_other_vegetables_metric.2	dozeVegetablesOther.Serving.metric.2	120 ml vegetable juice	125 ml suc de legume		
Romanian_ro	no	food_info_serving_sizes_other_vegetables_metric.3	dozeVegetablesOther.Serving.metric.3	10 g dried mushrooms	7 g ciuperci uscate		
Romanian_ro	no	food_info_types_other_vegetables.7	dozeVegetablesOther.Variety.Text.7	Mushrooms (button, oyster, porcini, portobello, and shiitake)	Ciuperci (champignon, pleurotus, portobello și shiitake)		
Romanian_ro	no	food_info_serving_sizes_whole_grains_imperial.0	dozeWholeGrains.Serving.imperial.0	½ cup cooked whole grains, whole-wheat pasta, or corn kernels	½ cană terci de cereale sau cereale gătite, paste, sau boabe de porumb		
Romanian_ro	no	food_info_serving_sizes_whole_grains_imperial.1	dozeWholeGrains.Serving.imperial.1	1 cup 100% whole grain cold cereal	1 cană de cereale reci		
Romanian_ro	no	food_info_serving_sizes_whole_grains_imperial.2	dozeWholeGrains.Serving.imperial.2	1 100% whole grain tortilla (or 2 smaller corn tortillas)	1 100% whole grain tortilla (or 2 smaller corn tortillas)		
Romanian_ro	no	food_info_serving_sizes_whole_grains_imperial.3	dozeWholeGrains.Serving.imperial.3	1 slice of 100% whole grain bread	1 tortilla sau felie de pâine		
Romanian_ro	no	food_info_serving_sizes_whole_grains_metric.0	dozeWholeGrains.Serving.metric.0	100 g cooked whole grains, whole-wheat pasta, or corn kernels	100 g terci de cereale sau cereale gătite, paste, sau boabe de porumb		
Romanian_ro	no	food_info_serving_sizes_whole_grains_metric.1	dozeWholeGrains.Serving.metric.1	50 g 100% whole grain cold cereal	50 g cereale reci		
Romanian_ro	no	food_info_serving_sizes_whole_grains_metric.2	dozeWholeGrains.Serving.metric.2	1 100% whole grain tortilla (or 2 smaller corn tortillas)	1 100% whole grain tortilla (or 2 smaller corn tortillas)		
Romanian_ro	no	food_info_serving_sizes_whole_grains_metric.3	dozeWholeGrains.Serving.metric.3	1 slice of 100% whole grain bread	1 tortilla sau felie de pâine		
Russian_ru	yes	food_info_serving_sizes_beans_imperial.2	dozeBeans.Serving.imperial.2	⅓ cup tofu or tempeh	⅓ стакана тофу или темпе		
Russian_ru	yes	food_info_serving_sizes_beans_imperial.3	dozeBeans.Serving.imperial.3	1 cup fresh peas or sprouted lentils	1 стакан свежего горошка или пророщенной чечевицы		
Russian_ru	yes	food_info_serving_sizes_beans_metric.0	dozeBeans.Serving.metric.0	70 g hummus or bean dip	70 г хумуса или фасолевого соуса		
Russian_ru	yes	food_info_serving_sizes_beans_metric.1	dozeBeans.Serving.metric.1	100 g cooked beans, split peas, or lentils	100 г вареной фасоли, гороха или чечевицы		
Russian_ru	yes	food_info_serving_sizes_beans_metric.2	dozeBeans.Serving.metric.2	80 g tofu or tempeh	80 г тофу или темпе		
Russian_ru	yes	food_info_serving_sizes_beans_metric.3	dozeBeans.Serving.metric.3	100 g fresh peas or sprouted lentils	100 г свежего горошка или пророщенной чечевицы		
Russian_ru	yes	food_info_serving_sizes_berries_metric.0	dozeBerries.Serving.metric.0	70 g fresh or frozen	70 г свежих или замороженных		
Russian_ru	yes	food_info_serving_sizes_other_fruits_metric.1	dozeFruitsOther.Serving.metric.1	150 g cut-up fruit	150 г нарезанных фруктов		
Russian_ru	yes	food_info_serving_sizes_cruciferous_vegetables_imperial.0	dozeVegetablesCruciferous.Serving.imperial.0	½ cup cooked leafy vegetables	½ стакана приготовленных листовых овощей		
Russian_ru	yes	food_info_serving_sizes_cruciferous_vegetables_imperial.1	dozeVegetablesCruciferous.Serving.imperial.1	½ cup raw or cooked non-leafy vegetables	½ стакана сырых или приготовленных нелистовых овощей		
Russian_ru	yes	food_info_serving_sizes_cruciferous_vegetables_imperial.2	dozeVegetablesCruciferous.Serving.imperial.2	1 cup raw leafy vegetables	1 чашка сырых листовых овощей		
Russian_ru	yes	food_info_serving_sizes_cruciferous_vegetables_imperial.3	dozeVegetablesCruciferous.Serving.imperial.3	¼ cup broccoli sprouts	¼ стакана ростков брокколи		
Russian_ru	yes	food_info_serving_sizes_cruciferous_vegetables_metric.0	dozeVegetablesCruciferous.Serving.metric.0	90 g cooked leafy vegetables	90 г приготовленных листовых овощей		
Russian_ru	yes	food_info_serving_sizes_cruciferous_vegetables_metric.1	dozeVegetablesCruciferous.Serving.metric.1	60 g raw or cooked non-leafy vegetables	60 г сырых или приготовленных нелистовых овощей		
Russian_ru	yes	food_info_serving_sizes_cruciferous_vegetables_metric.2	dozeVegetablesCruciferous.Serving.metric.2	90 g raw leafy vegetables	90 г сырых листовых овощей		
Russian_ru	yes	food_info_serving_sizes_cruciferous_vegetables_metric.3	dozeVegetablesCruciferous.Serving.metric.3	20 g broccoli sprouts	20 г ростков брокколи		
Russian_ru	yes	food_info_serving_sizes_other_vegetables_metric.1	dozeVegetablesOther.Serving.metric.1	90 g raw or cooked nonleafy vegetables	90 г сырых или приготовленных нелистовых овощей		
Russian_ru	yes	food_info_serving_sizes_other_vegetables_metric.2	dozeVegetablesOther.Serving.metric.2	120 ml vegetable juice	120 мл овощного сока		
Russian_ru	yes	food_info_serving_sizes_other_vegetables_metric.3	dozeVegetablesOther.Serving.metric.3	10 g dried mushrooms	10 г сушеных грибов		
Russian_ru	yes	food_info_types_other_vegetables.7	dozeVegetablesOther.Variety.Text.7	Mushrooms (button, oyster, porcini, portobello, and shiitake)	Грибы (шампиньоны, вешенки, белые грибы, портобелло и шиитаке)		
Russian_ru	yes	food_info_serving_sizes_whole_grains_imperial.0	dozeWholeGrains.Serving.imperial.0	½ cup cooked whole grains, whole-wheat pasta, or corn kernels	½ стакана вареных цельнозерновых макарон из цельной пшеницы или кукурузных зерен		
Russian_ru	yes	food_info_serving_sizes_whole_grains_imperial.1	dozeWholeGrains.Serving.imperial.1	1 cup 100% whole grain cold cereal	1 стакан 100% цельнозерновых хлопьев		
Russian_ru	yes	food_info_serving_sizes_whole_grains_imperial.2	dozeWholeGrains.Serving.imperial.2	1 100% whole grain tortilla (or 2 smaller corn tortillas)	1 100% цельнозерновая тортилья (или 2 кукурузные тортильи меньшего размера)		
Russian_ru	yes	food_info_serving_sizes_whole_grains_imperial.3	dozeWholeGrains.Serving.imperial.3	1 slice of 100% whole grain bread	1 ломтик 100% цельнозернового хлеба		
Russian_ru	yes	food_info_serving_sizes_whole_grains_metric.0	dozeWholeGrains.Serving.metric.0	100 g cooked whole grains, whole-wheat pasta, or corn kernels	100 г вареных цельнозерновых макарон из цельной пшеницы, или кукурузных зерен		
Russian_ru	yes	food_info_serving_sizes_whole_grains_metric.1	dozeWholeGrains.Serving.metric.1	50 g 100% whole grain cold cereal	50 г 100% цельнозерновых хлопьев		
Russian_ru	yes	food_info_serving_sizes_whole_grains_metric.2	dozeWholeGrains.Serving.metric.2	1 100% whole grain tortilla (or 2 smaller corn tortillas)	1 100% цельнозерновая тортилья (или 2 кукурузные тортильи меньшего размера)		
Russian_ru	yes	food_info_serving_sizes_whole_grains_metric.3	dozeWholeGrains.Serving.metric.3	1 slice of 100% whole grain bread	1 ломтик 100% цельнозернового хлеба		
Slovak_sk	no	food_info_serving_sizes_beans_imperial.2	dozeBeans.Serving.imperial.2	⅓ cup tofu or tempeh	½ šálky tofu alebo tempehu		
Slovak_sk	no	food_info_serving_sizes_beans_imperial.3	dozeBeans.Serving.imperial.3	1 cup fresh peas or sprouted lentils	1 šálka čerstvého hrášku alebo cukrového hrášku		
Slovak_sk	no	food_info_serving_sizes_beans_metric.0	dozeBeans.Serving.metric.0	70 g hummus or bean dip	60 g hummusu alebo fazuľového dipu		
Slovak_sk	no	food_info_serving_sizes_beans_metric.1	dozeBeans.Serving.metric.1	100 g cooked beans, split peas, or lentils	90 g varenej fazule, hrachu alebo šošovice		
Slovak_sk	no	food_info_serving_sizes_beans_metric.2	dozeBeans.Serving.metric.2	80 g tofu or tempeh	100 g tofu alebo tempehu		
Slovak_sk	no	food_info_serving_sizes_beans_metric.3	dozeBeans.Serving.metric.3	100 g fresh peas or sprouted lentils	130 g čerstvého hrášku alebo cukrového hrášku		
Slovak_sk	no	food_info_serving_sizes_berries_metric.0	dozeBerries.Serving.metric.0	70 g fresh or frozen	60 g čerstvé alebo mrazené		
Slovak_sk	no	food_info_serving_sizes_other_fruits_metric.1	dozeFruitsOther.Serving.metric.1	150 g cut-up fruit	120 g nakrájaného ovocia		
Slovak_sk	no	food_info_serving_sizes_cruciferous_vegetables_imperial.0	dozeVegetablesCruciferous.Serving.imperial.0	½ cup cooked leafy vegetables	½ šálky nakrájané		
Slovak_sk	no	food_info_serving_sizes_cruciferous_vegetables_imperial.1	dozeVegetablesCruciferous.Serving.imperial.1	½ cup raw or cooked non-leafy vegetables	½ šálky ružičkového kelu		
Slovak_sk	no	food_info_serving_sizes_cruciferous_vegetables_imperial.2	dozeVegetablesCruciferous.Serving.imperial.2	1 cup raw leafy vegetables	1 cup raw leafy vegetables		
Slovak_sk	no	food_info_serving_sizes_cruciferous_vegetables_imperial.3	dozeVegetablesCruciferous.Serving.imperial.3	¼ cup broccoli sprouts	¼ šálky brokolicových klíčkov		
Slovak_sk	no	food_info_serving_sizes_cruciferous_vegetables_metric.0	dozeVegetablesCruciferous.Serving.metric.0	90 g cooked leafy vegetables	30–80 g nakrájané		
Slovak_sk	no	food_info_serving_sizes_cruciferous_vegetables_metric.1	dozeVegetablesCruciferous.Serving.metric.1	60 g raw or cooked non-leafy vegetables	80 g ružičkového kelu		
Slovak_sk	no	food_info_serving_sizes_cruciferous_vegetables_metric.2	dozeVegetablesCruciferous.Serving.metric.2	90 g raw leafy vegetables	90 g raw leafy vegetables		
Slovak_sk	no	food_info_serving_sizes_cruciferous_vegetables_metric.3	dozeVegetablesCruciferous.Serving.metric.3	20 g broccoli sprouts	15 g brokolicových klíčkov		
Slovak_sk	no	food_info_serving_sizes_other_vegetables_metric.1	dozeVegetablesOther.Serving.metric.1	90 g raw or cooked nonleafy vegetables	50 g surovej alebo varenej nelistovej zeleniny		
Slovak_sk	no	food_info_serving_sizes_other_vegetables_metric.2	dozeVegetablesOther.Serving.metric.2	120 ml vegetable juice	125 ml zeleninovej šťavy		
Slovak_sk	no	food_info_serving_sizes_other_vegetables_metric.3	dozeVegetablesOther.Serving.metric.3	10 g dried mushrooms	7 g sušených húb		
Slovak_sk	no	food_info_types_other_vegetables.7	dozeVegetablesOther.Variety.Text.7	Mushrooms (button, oyster, porcini, portobello, and shiitake)	Huby (pečiarka - biela, hnedá, hliva ustricová a shiitake)		
Slovak_sk	no	food_info_serving_sizes_whole_grains_imperial.0	dozeWholeGrains.Serving.imperial.0	½ cup cooked whole grains, whole-wheat pasta, or corn kernels	½ šálky obilnej kaše alebo varených zŕn, cestovín alebo kukurice		
Slovak_sk	no	food_info_serving_sizes_whole_grains_imperial.1	dozeWholeGrains.Serving.imperial.1	1 cup 100% whole grain cold cereal	1 šálka studených cereálií		
Slovak_sk	no	food_info_serving_sizes_whole_grains_imperial.2	dozeWholeGrains.Serving.imperial.2	1 100% whole grain tortilla (or 2 smaller corn tortillas)	1 100% whole grain tortilla (or 2 smaller corn tortillas)		
Slovak_sk	no	food_info_serving_sizes_whole_grains_imperial.3	dozeWholeGrains.Serving.imperial.3	1 slice of 100% whole grain bread	1 tortilla alebo krajec chleba		
Slovak_sk	no	food_info_serving_sizes_whole_grains_metric.0	dozeWholeGrains.Serving.metric.0	100 g cooked whole grains, whole-wheat pasta, or corn kernels	100 g obilnej kaše alebo varených zŕn, cestovín alebo kukurice		
Slovak_sk	no	food_info_serving_sizes_whole_grains_metric.1	dozeWholeGrains.Serving.metric.1	50 g 100% whole grain cold cereal	50 g studených cereálií		
Slovak_sk	no	food_info_serving_sizes_whole_grains_metric.2	dozeWholeGrains.Serving.metric.2	1 100% whole grain tortilla (or 2 smaller corn tortillas)	1 100% whole grain tortilla (or 2 smaller corn tortillas)		
Slovak_sk	no	food_info_serving_sizes_whole_grains_metric.3	dozeWholeGrains.Serving.metric.3	1 slice of 100% whole grain bread	1 tortilla alebo krajec chleba		
Spanish_es	yes	food_info_serving_sizes_beans_imperial.2	dozeBeans.Serving.imperial.2	⅓ cup tofu or tempeh	⅓ taza de tofu o tempeh		
Spanish_es	yes	food_info_serving_sizes_beans_imperial.3	dozeBeans.Serving.imperial.3	1 cup fresh peas or sprouted lentils	1 taza de arvejas o brotes de lentejas		
Spanish_es	yes	food_info_serving_sizes_beans_metric.0	dozeBeans.Serving.metric.0	70 g hummus or bean dip	70 g de hummus o paté de otras legumbres		
Spanish_es	yes	food_info_serving_sizes_beans_metric.1	dozeBeans.Serving.metric.1	100 g cooked beans, split peas, or lentils	100 g de legumbres cocinadas		
Spanish_es	yes	food_info_serving_sizes_beans_metric.2	dozeBeans.Serving.metric.2	80 g tofu or tempeh	80 g de tofu o tempeh		
Spanish_es	yes	food_info_serving_sizes_beans_metric.3	dozeBeans.Serving.metric.3	100 g fresh peas or sprouted lentils	100 g de arvejas o brotes de lentejas		
Spanish_es	yes	food_info_serving_sizes_berries_metric.0	dozeBerries.Serving.metric.0	70 g fresh or frozen	70 g frescos o congelados		
Spanish_es	yes	food_info_serving_sizes_other_fruits_metric.1	dozeFruitsOther.Serving.metric.1	150 g cut-up fruit	150 g de fruta picada		
Spanish_es	yes	food_info_serving_sizes_cruciferous_vegetables_imperial.0	dozeVegetablesCruciferous.Serving.imperial.0	½ cup cooked leafy vegetables	½ taza de verduras de hoja cocinadas		
Spanish_es	yes	food_info_serving_sizes_cruciferous_vegetables_imperial.1	dozeVegetablesCruciferous.Serving.imperial.1	½ cup raw or cooked non-leafy vegetables	½ taza de verduras crudas o cocinadas (no de hoja)		
Spanish_es	yes	food_info_serving_sizes_cruciferous_vegetables_imperial.2	dozeVegetablesCruciferous.Serving.imperial.2	1 cup raw leafy vegetables	1 taza de verduras de hoja crudas		
Spanish_es	yes	food_info_serving_sizes_cruciferous_vegetables_imperial.3	dozeVegetablesCruciferous.Serving.imperial.3	¼ cup broccoli sprouts	¼ taza de brotes de brócoli		
Spanish_es	yes	food_info_serving_sizes_cruciferous_vegetables_metric.0	dozeVegetablesCruciferous.Serving.metric.0	90 g cooked leafy vegetables	90 g de verduras de hoja cocinadas		
Spanish_es	yes	food_info_serving_sizes_cruciferous_vegetables_metric.1	dozeVegetablesCruciferous.Serving.metric.1	60 g raw or cooked non-leafy vegetables	60 g de verduras crudas o cocinadas (no de hoja)		
Spanish_es	yes	food_info_serving_sizes_cruciferous_vegetables_metric.2	dozeVegetablesCruciferous.Serving.metric.2	90 g raw leafy vegetables	90 g verduras de hoja crudas		
Spanish_es	yes	food_info_serving_sizes_cruciferous_vegetables_metric.3	dozeVegetablesCruciferous.Serving.metric.3	20 g broccoli sprouts	20 g de brotes de brócoli		
Spanish_es	yes	food_info_serving_sizes_other_vegetables_metric.1	dozeVegetablesOther.Serving.metric.1	90 g raw or cooked nonleafy vegetables	90 g de verduras crudas o cocinadas (no de hoja)		
Spanish_es	yes	food_info_serving_sizes_other_vegetables_metric.2	dozeVegetablesOther.Serving.metric.2	120 ml vegetable juice	120 ml de jugo de verduras		
Spanish_es	yes	food_info_serving_sizes_other_vegetables_metric.3	dozeVegetablesOther.Serving.metric.3	10 g dried mushrooms	10 g de hongos secos		
Spanish_es	yes	food_info_types_other_vegetables.7	dozeVegetablesOther.Variety.Text.7	Mushrooms (button, oyster, porcini, portobello, and shiitake)	Hongos (champiñones, ostra, portobello, shiitake y boletus)		
Spanish_es	yes	food_info_serving_sizes_whole_grains_imperial.0	dozeWholeGrains.Serving.imperial.0	½ cup cooked whole grains, whole-wheat pasta, or corn kernels	½ taza de cereales integrales cocidos, pasta de trigo integral o granos de maíz		
Spanish_es	yes	food_info_serving_sizes_whole_grains_imperial.1	dozeWholeGrains.Serving.imperial.1	1 cup 100% whole grain cold cereal	1 taza de cereales integrales fríos 		
Spanish_es	yes	food_info_serving_sizes_whole_grains_imperial.2	dozeWholeGrains.Serving.imperial.2	1 100% whole grain tortilla (or 2 smaller corn tortillas)	1 tortilla 100% integral (o 2 tortillas pequeñas de maíz)		
Spanish_es	yes	food_info_serving_sizes_whole_grains_imperial.3	dozeWholeGrains.Serving.imperial.3	1 slice of 100% whole grain bread	1 rebanada de pan 100% integral		
Spanish_es	yes	food_info_serving_sizes_whole_grains_metric.0	dozeWholeGrains.Serving.metric.0	100 g cooked whole grains, whole-wheat pasta, or corn kernels	100 g de cereales integrales cocidos, pasta integral o granos de maíz		
Spanish_es	yes	food_info_serving_sizes_whole_grains_metric.1	dozeWholeGrains.Serving.metric.1	50 g 100% whole grain cold cereal	50 g de cereales integrales fríos		
Spanish_es	yes	food_info_serving_sizes_whole_grains_metric.2	dozeWholeGrains.Serving.metric.2	1 100% whole grain tortilla (or 2 smaller corn tortillas)	1 tortilla 100% integral (o 2 tortillas pequeñas de maíz)		
Spanish_es	yes	food_info_serving_sizes_whole_grains_metric.3	dozeWholeGrains.Serving.metric.3	1 slice of 100% whole grain bread	1 rebanada de pan 100% integral		
Ukranian_uk	no	food_info_serving_sizes_beans_imperial.2	dozeBeans.Serving.imperial.2	⅓ cup tofu or tempeh	½ чашки тофу або темпе		
Ukranian_uk	no	food_info_serving_sizes_beans_imperial.3	dozeBeans.Serving.imperial.3	1 cup fresh peas or sprouted lentils	1 чашка гороху		
Ukranian_uk	no	food_info_serving_sizes_beans_metric.0	dozeBeans.Serving.metric.0	70 g hummus or bean dip	60 г хумусу або пюре з квасолі		
Ukranian_uk	no	food_info_serving_sizes_beans_metric.1	dozeBeans.Serving.metric.1	100 g cooked beans, split peas, or lentils	90 г вареної квасолі, колотого гороху або сочевиці		
Ukranian_uk	no	food_info_serving_sizes_beans_metric.2	dozeBeans.Serving.metric.2	80 g tofu or tempeh	100 г тофу або темпе		
Ukranian_uk	no	food_info_serving_sizes_beans_metric.3	dozeBeans.Serving.metric.3	100 g fresh peas or sprouted lentils	130 г гороху		
Ukranian_uk	no	food_info_serving_sizes_berries_metric.0	dozeBerries.Serving.metric.0	70 g fresh or frozen	60 г свіжого чи замороженого		
Ukranian_uk	no	food_info_serving_sizes_other_fruits_metric.1	dozeFruitsOther.Serving.metric.1	150 g cut-up fruit	120 г нарізаних фруктів		
Ukranian_uk	no	food_info_serving_sizes_cruciferous_vegetables_imperial.0	dozeVegetablesCruciferous.Serving.imperial.0	½ cup cooked leafy vegetables	½ чашки нарізаних		
Ukranian_uk	no	food_info_serving_sizes_cruciferous_vegetables_imperial.1	dozeVegetablesCruciferous.Serving.imperial.1	½ cup raw or cooked non-leafy vegetables	½ чашки брюссельської капусти		
Ukranian_uk	no	food_info_serving_sizes_cruciferous_vegetables_imperial.2	dozeVegetablesCruciferous.Serving.imperial.2	1 cup raw leafy vegetables	1 cup raw leafy vegetables		
Ukranian_uk	no	food_info_serving_sizes_cruciferous_vegetables_imperial.3	dozeVegetablesCruciferous.Serving.imperial.3	¼ cup broccoli sprouts	¼ чашки капусти броколі		
Ukranian_uk	no	food_info_serving_sizes_cruciferous_vegetables_metric.0	dozeVegetablesCruciferous.Serving.metric.0	90 g cooked leafy vegetables	30-80 г нарізаних		
Ukranian_uk	no	food_info_serving_sizes_cruciferous_vegetables_metric.1	dozeVegetablesCruciferous.Serving.metric.1	60 g raw or cooked non-leafy vegetables	80 г брюссельської капусти		
Ukranian_uk	no	food_info_serving_sizes_cruciferous_vegetables_metric.2	dozeVegetablesCruciferous.Serving.metric.2	90 g raw leafy vegetables	90 g raw leafy vegetables		
Ukranian_uk	no	food_info_serving_sizes_cruciferous_vegetables_metric.3	dozeVegetablesCruciferous.Serving.metric.3	20 g broccoli sprouts	15 г капусти броколі		
Ukranian_uk	no	food_info_serving_sizes_other_vegetables_metric.1	dozeVegetablesOther.Serving.metric.1	90 g raw or cooked nonleafy vegetables	50 г сирих або приготованих нелисткових овочів		
Ukranian_uk	no	food_info_serving_sizes_other_vegetables_metric.2	dozeVegetablesOther.Serving.metric.2	120 ml vegetable juice	125 мл овочевого соку		
Ukranian_uk	no	food_info_serving_sizes_other_vegetables_metric.3	dozeVegetablesOther.Serving.metric.3	10 g dried mushrooms	7 г сухих грибів		
Ukranian_uk	no	food_info_types_other_vegetables.7	dozeVegetablesOther.Variety.Text.7	Mushrooms (button, oyster, porcini, portobello, and shiitake)	Гриби (печериці, гливи, портобелло та шиітаке)		
Ukranian_uk	no	food_info_serving_sizes_whole_grains_imperial.0	dozeWholeGrains.Serving.imperial.0	½ cup cooked whole grains, whole-wheat pasta, or corn kernels	½ чашки приготованих злаків, макаронних виробів або кукурудзяних зерен		
Ukranian_uk	no	food_info_serving_sizes_whole_grains_imperial.1	dozeWholeGrains.Serving.imperial.1	1 cup 100% whole grain cold cereal	1 чашка хлоп'їв		
Ukranian_uk	no	food_info_serving_sizes_whole_grains_imperial.2	dozeWholeGrains.Serving.imperial.2	1 100% whole grain tortilla (or 2 smaller corn tortillas)	1 100% whole grain tortilla (or 2 smaller corn tortillas)		
Ukranian_uk	no	food_info_serving_sizes_whole_grains_imperial.3	dozeWholeGrains.Serving.imperial.3	1 slice of 100% whole grain bread	1 тортилья або скибка хліба		
Ukranian_uk	no	food_info_serving_sizes_whole_grains_metric.0	dozeWholeGrains.Serving.metric.0	100 g cooked whole grains, whole-wheat pasta, or corn kernels	100 г приготованих злаків, макаронних виробів або кукурудзяних зерен		
Ukranian_uk	no	food_info_serving_sizes_whole_grains_metric.1	dozeWholeGrains.Serving.metric.1	50 g 100% whole grain cold cereal	50 г хлоп'їв		
Ukranian_uk	no	food_info_serving_sizes_whole_grains_metric.2	dozeWholeGrains.Serving.metric.2	1 100% whole grain tortilla (or 2 smaller corn tortillas)	1 100% whole grain tortilla (or 2 smaller corn tortillas)		
Ukranian_uk	no	food_info_serving_sizes_whole_grains_metric.3	dozeWholeGrains.Serving.metric.3	1 slice of 100% whole grain bread	1 тортилья або скибка хліба		
Greek_el	no	food_info_serving_sizes_beans_imperial.2	dozeBeans.Serving.imperial.2	⅓ cup tofu or tempeh	½ φλιτζάνι τόφου ή τέμπε		½ cup tofu or tempeh
Greek_el	no	food_info_serving_sizes_beans_imperial.3	dozeBeans.Serving.imperial.3	1 cup fresh peas or sprouted lentils	1 φλιτζάνι φρέσκο αρακά ή αρακά χιονιού		1 cup fresh peas or snow peas
Greek_el	no	food_info_serving_sizes_beans_metric.0	dozeBeans.Serving.metric.0	70 g hummus or bean dip	60 γραμμάρια χούμους ή ντιπ φασολιών		60 grams of hummus or bean dip
Greek_el	no	food_info_serving_sizes_beans_metric.1	dozeBeans.Serving.metric.1	100 g cooked beans, split peas, or lentils	90 γραμμάρια μαγειρεμένα φασόλια, σπαστά μπιζέλια ή φακές		90g cooked beans, split peas or lentils
Greek_el	no	food_info_serving_sizes_beans_metric.2	dozeBeans.Serving.metric.2	80 g tofu or tempeh	100 g τόφου ή τέμπε		100 g of tofu or tempeh
Greek_el	no	food_info_serving_sizes_beans_metric.3	dozeBeans.Serving.metric.3	100 g fresh peas or sprouted lentils	130 γραμμάρια φρέσκου αρακά ή αρακά χιονιού		130 grams of fresh peas or snow peas
Greek_el	no	food_info_serving_sizes_berries_metric.0	dozeBerries.Serving.metric.0	70 g fresh or frozen	60 γραμμάρια φρέσκα ή κατεψυγμένα		
Greek_el	no	food_info_serving_sizes_other_fruits_metric.1	dozeFruitsOther.Serving.metric.1	150 g cut-up fruit	120 γραμμάρια κομμένο φρούτο		
Greek_el	no	food_info_serving_sizes_cruciferous_vegetables_imperial.0	dozeVegetablesCruciferous.Serving.imperial.0	½ cup cooked leafy vegetables	½ φλιτζάνι ψιλοκομμένα		
Greek_el	no	food_info_serving_sizes_cruciferous_vegetables_imperial.1	dozeVegetablesCruciferous.Serving.imperial.1	½ cup raw or cooked non-leafy vegetables	½ φλιτζάνι λαχανάκια Βρυξελλών		
Greek_el	no	food_info_serving_sizes_cruciferous_vegetables_imperial.2	dozeVegetablesCruciferous.Serving.imperial.2	1 cup raw leafy vegetables	1 cup raw leafy vegetables		
Greek_el	no	food_info_serving_sizes_cruciferous_vegetables_imperial.3	dozeVegetablesCruciferous.Serving.imperial.3	¼ cup broccoli sprouts	¼ φλιτζάνι φύτρα μπρόκολου		
Greek_el	no	food_info_serving_sizes_cruciferous_vegetables_metric.0	dozeVegetablesCruciferous.Serving.metric.0	90 g cooked leafy vegetables	30–80 γραμμάρια ψιλοκομμένα		
Greek_el	no	food_info_serving_sizes_cruciferous_vegetables_metric.1	dozeVegetablesCruciferous.Serving.metric.1	60 g raw or cooked non-leafy vegetables	80 γραμμάρια λαχανάκια Βρυξελλών		
Greek_el	no	food_info_serving_sizes_cruciferous_vegetables_metric.2	dozeVegetablesCruciferous.Serving.metric.2	90 g raw leafy vegetables	90 g raw leafy vegetables		
Greek_el	no	food_info_serving_sizes_cruciferous_vegetables_metric.3	dozeVegetablesCruciferous.Serving.metric.3	20 g broccoli sprouts	15 γραμμάρια φύτρα μπρόκολου		
Greek_el	no	food_info_serving_sizes_other_vegetables_metric.1	dozeVegetablesOther.Serving.metric.1	90 g raw or cooked nonleafy vegetables	50 γραμμάρια ωμά ή μαγειρεμένα μη φυλλώδη λαχανικά		
Greek_el	no	food_info_serving_sizes_other_vegetables_metric.2	dozeVegetablesOther.Serving.metric.2	120 ml vegetable juice	125 ml χυμό λαχανικών		
Greek_el	no	food_info_serving_sizes_other_vegetables_metric.3	dozeVegetablesOther.Serving.metric.3	10 g dried mushrooms	7 γραμμάρια αποξηραμένα μανιτάρια		
Greek_el	no	food_info_types_other_vegetables.7	dozeVegetablesOther.Variety.Text.7	Mushrooms (button, oyster, porcini, portobello, and shiitake)	Μανιτάρια (κουμπί, στρείδι, πόρτομπέλο, και σιτάκε)		
Greek_el	no	food_info_serving_sizes_whole_grains_imperial.0	dozeWholeGrains.Serving.imperial.0	½ cup cooked whole grains, whole-wheat pasta, or corn kernels	½ φλιτζάνι ζεστά δημητριακά ή μαγειρεμένα, ζυμαρικά, ή πυρήνες καλαμποκιού		
Greek_el	no	food_info_serving_sizes_whole_grains_imperial.1	dozeWholeGrains.Serving.imperial.1	1 cup 100% whole grain cold cereal	1 φλιτζάνι κρύα δημητριακά		
Greek_el	no	food_info_serving_sizes_whole_grains_imperial.2	dozeWholeGrains.Serving.imperial.2	1 100% whole grain tortilla (or 2 smaller corn tortillas)	1 100% whole grain tortilla (or 2 smaller corn tortillas)		
Greek_el	no	food_info_serving_sizes_whole_grains_imperial.3	dozeWholeGrains.Serving.imperial.3	1 slice of 100% whole grain bread	1 τορτίγια ή φέτα ψωμί		
Greek_el	no	food_info_serving_sizes_whole_grains_metric.0	dozeWholeGrains.Serving.metric.0	100 g cooked whole grains, whole-wheat pasta, or corn kernels	100 γραμμάρια ζεστά δημητριακά ή μαγειρεμένα, ζυμαρικά, ή πυρήνες καλαμποκιού		
Greek_el	no	food_info_serving_sizes_whole_grains_metric.1	dozeWholeGrains.Serving.metric.1	50 g 100% whole grain cold cereal	50 γραμμάρια κρύα δημητριακά		
Greek_el	no	food_info_serving_sizes_whole_grains_metric.2	dozeWholeGrains.Serving.metric.2	1 100% whole grain tortilla (or 2 smaller corn tortillas)	1 100% whole grain tortilla (or 2 smaller corn tortillas)		
Greek_el	no	food_info_serving_sizes_whole_grains_metric.3	dozeWholeGrains.Serving.metric.3	1 slice of 100% whole grain bread	1 τορτίγια ή φέτα ψωμί		